{"sections":{"breadcrumb":{"type":"breadcrumb-page","disabled":true,"settings":{"full_with":true,"max_with":"1800px","margin_block":"0 auto 30px","image":"","breadcrumb_title":"","enable_title":"none","breadcrumb_bg":"#f6f6f4","breadcrumb_color_heading":"#323232","breadcrumb_color":"#201f1f","breadcrumb_color_link":"#c3c3c3","breadcrumb-height":"65px","breadcrumb-mheight":"65px","text-align":"start"}},"main":{"type":"main-404","settings":{"color_bg":"rgba(0,0,0,0)","padding_block":"80px 0 120px","padding_block_m":"60px 0 80px","margin_block":"","image":"shopify:\/\/shop_images\/404.png","sub_heading":"","heading":"Page not found","info":"Sorry but the page you are looking for doesn’t exist."}}},"order":["breadcrumb","main"]}