{"sections":{"breadcrumb":{"type":"breadcrumb-blog","settings":{"full_with":true,"max_with":"1800px","margin_block":"","image":"","enable_title":"none","breadcrumb_bg":"#f6f6f4","breadcrumb_color_heading":"#323232","breadcrumb_color":"#201f1f","breadcrumb_color_link":"#c3c3c3","breadcrumb-height":"65px","text-align":"center"}},"main":{"type":"main-blog","settings":{"full_with":false,"max_with":"","color_bg":"rgba(0,0,0,0)","padding_block":"90px 0","padding_block_m":"60px 0","margin_block":"","sidebar_template":"sidebarnone","limit":12,"item-per-row":3,"blog_style":"grid1","blog_title":false,"blog_categories":false,"blog_date":true,"blog_author":true,"blog_excerp":true,"blog_readmore":true,"image_ratio":"adapt","crop":false}}},"order":["breadcrumb","main"]}