{"sections":{"breadcrumb":{"type":"breadcrumb-blog","settings":{"full_with":true,"max_with":"1800px","margin_block":"","image":"","enable_title":"none","breadcrumb_bg":"#f6f6f4","breadcrumb_color_heading":"#323232","breadcrumb_color":"#201f1f","breadcrumb_color_link":"#c3c3c3","breadcrumb-height":"65px","breadcrumb-mheight":"65px","text-align":"start"}},"main":{"type":"main-blog","blocks":{"6e61bae9-496c-4dab-b632-b7563bb755bb":{"type":"search","settings":{"search_title":""}},"c953cc13-9ab8-406d-8b8e-753a2909bbac":{"type":"categories","settings":{"categories_title":"Categories","categories_handle":"blog-categories"}},"9f3576e7-4ec1-46f1-aa8b-47eb58a1464b":{"type":"relatedarticles","settings":{"relatedarticles_title":"Latest posts","relatedarticles_image":false,"relatedarticles_limit":6}},"4eb27043-d755-4992-8fab-78a6a3f87290":{"type":"tags","disabled":true,"settings":{"tags_title":"Articles Tags","tags_limit":10}},"37b7f3c9-d9d3-4f28-88eb-b702038d66f2":{"type":"banner","settings":{"banner_url":"shopify:\/\/collections\/all","banner_img":"shopify:\/\/shop_images\/8.png"}}},"block_order":["6e61bae9-496c-4dab-b632-b7563bb755bb","c953cc13-9ab8-406d-8b8e-753a2909bbac","9f3576e7-4ec1-46f1-aa8b-47eb58a1464b","4eb27043-d755-4992-8fab-78a6a3f87290","37b7f3c9-d9d3-4f28-88eb-b702038d66f2"],"settings":{"full_with":false,"max_with":"","color_bg":"rgba(0,0,0,0)","padding_block":"90px 0","padding_block_m":"60px 0","margin_block":"","sidebar_template":"sidebarnone","limit":20,"item-per-row":1,"blog_style":"list","blog_title":true,"blog_categories":false,"blog_date":true,"blog_author":true,"blog_excerp":true,"blog_readmore":true,"image_ratio":"adapt","crop":false}}},"order":["breadcrumb","main"]}