{"sections":{"breadcrumb":{"type":"breadcrumb-collections","settings":{"full_with":true,"max_with":"1800px","margin_block":"","bgimage":true,"enable_title":"none","breadcrumb_bg":"#f6f6f4","breadcrumb_color_heading":"#323232","breadcrumb_color":"#201f1f","breadcrumb_color_link":"#c3c3c3","breadcrumb-height":"65px","breadcrumb-mheight":"65px","text-align":"start"}},"product-grid":{"type":"main-collection-product-grid","blocks":{"bab3e1d7-85ae-4248-a305-180408ec2190":{"type":"categories","disabled":true,"settings":{"categories_title":"Categories","categories_handle":""}},"11e379ad-52c7-4ce0-be64-822d4713d593":{"type":"filter","disabled":true,"settings":{"filter_style":"filter_inline","filter_title":"Filter by"}},"76253806-007f-400c-b968-dae5c1195e97":{"type":"productlist","disabled":true,"settings":{"product_title":"Best sellers","collection_handle":"interior-and-more","limit":4}}},"block_order":["bab3e1d7-85ae-4248-a305-180408ec2190","11e379ad-52c7-4ce0-be64-822d4713d593","76253806-007f-400c-b968-dae5c1195e97"],"settings":{"full_with":false,"max_with":"","color_bg":"rgba(0,0,0,0)","padding_block":"30px 0","padding_block_m":"30px 0","show_collection_title":true,"show_collection_image":true,"show_collection_desc":false,"sidebar_template":"sidebarnone","product_style":"grid","products_per_page":12,"products_ditem_per_row":4,"products_titem_per_row":3,"products_mitem_per_row":2,"loadmore":false,"loadmore_text":"Load more items","sticky-top":true}},"html_TtnJC8":{"type":"html","disabled":true,"settings":{"full_with":false,"max_with":"","color_bg":"rgba(0,0,0,0)","padding_block":"","padding_block_m":"","margin_block":"","heading":"","sub_heading":"","content":""}},"product_list_tifC4i":{"type":"product-list","disabled":true,"settings":{"full_with":false,"max_with":"","color_bg":"rgba(0,0,0,0)","padding_block":"","padding_block_m":"","margin_block":"0 0 20px","heading":"Product List","sub_heading":"","collection_handle":"indoor-sales","limit":8,"product_style":"style3","space_between":"4","button_text":"","slide_enable":false,"navigation":true,"pagination":false,"infinite":true,"autoplay":false,"autoplay_speed":"10000","column1":4,"column2":3,"column3":2,"column4":2}}},"order":["breadcrumb","product-grid","html_TtnJC8","product_list_tifC4i"]}