{"sections":{"breadcrumb":{"type":"breadcrumb-collections","settings":{"full_with":true,"max_with":"1800px","margin_block":"","bgimage":true,"image":"","enable_title":"none","breadcrumb_bg":"#f6f6f4","breadcrumb_color_heading":"#323232","breadcrumb_color":"#201f1f","breadcrumb_color_link":"#c3c3c3","breadcrumb-height":"65px","breadcrumb-mheight":"65px","text-align":"start"}},"product-grid":{"type":"main-collection-product-grid","blocks":{"bab3e1d7-85ae-4248-a305-180408ec2190":{"type":"categories","settings":{"categories_title":"Categories","categories_handle":"catalog"}},"11e379ad-52c7-4ce0-be64-822d4713d593":{"type":"filter","settings":{"filter_style":"filter_inline","filter_title":"Filter by"}},"76253806-007f-400c-b968-dae5c1195e97":{"type":"productlist","settings":{"product_title":"Best sellers","collection_handle":"frontpage","limit":4}}},"block_order":["bab3e1d7-85ae-4248-a305-180408ec2190","11e379ad-52c7-4ce0-be64-822d4713d593","76253806-007f-400c-b968-dae5c1195e97"],"settings":{"full_with":true,"max_with":"1700px","color_bg":"rgba(0,0,0,0)","padding_block":"90px 0","padding_block_m":"60px 0","show_collection_title":false,"show_collection_image":false,"show_collection_desc":false,"sidebar_template":"sidebarleft","products_per_page":36,"products_ditem_per_row":4,"products_titem_per_row":3,"products_mitem_per_row":2,"loadmore":false,"loadmore_text":"Load more items","sticky-top":true}}},"order":["breadcrumb","product-grid"]}