{"sections":{"slideshow_YJERzW":{"type":"slideshow","blocks":{"image_eCDaEt":{"type":"image","settings":{"content_color":"rgba(0,0,0,0)","position_content":true,"image":"shopify:\/\/shop_images\/banner.jpg","bg_align":"center","link":"","alignment":"text-start align-top","text-alignment":"center","slides_effect":"default","subheading":"Love more your life","subheading_color":"#222222","subheading_font_family":"text","subheading_font_size":18,"subheading_font_size_l":16,"subheading_font_size_m":12,"subheading_margin":"","subheading_margin_m":"","title":"ALEE FURNISHING","title_color":"#000000","title_font_family":"text","title_font_size":40,"title_font_size_l":30,"title_font_size_m":20,"title_margin":"","title_margin_m":"","title2":"","title2_color":"#000000","title2_font_family":"text","title2_font_size":40,"title2_font_size_l":30,"title2_font_size_m":20,"title2_margin":"","title2_margin_m":"","desc":"","desc_color":"#000000","desc_font_family":"text","desc_font_size":14,"desc_font_size_l":12,"desc_font_size_m":10,"desc_margin":"","desc_margin_m":"","btn_text":"","btn_link":"","btn_font_size":14,"btn_font_size_m":12,"btn_padding":"10px 30px","btn_padding_m":"6px 25px","btn_text_color":"#ffffff","btn_border_color":"#000000","btn_bg_color":"#000000","btn_text_hover_color":"#ffffff","btn_border_hover_color":"#000000","btn_bg_hover_color":"#000000","btn_margin":"","btn_margin_m":""}}},"block_order":["image_eCDaEt"],"settings":{"full_with":true,"max_with":"","color_bg":"rgba(0,0,0,0)","padding_block":"60px 0 0 0","padding_block_m":"","margin_block":"","slideshow-height":"450px","slideshow-theight":"350px","slideshow-mheight":"300px","navigation":true,"pagination":true,"fade":false,"autoplay":true,"autoplay_speed":"8000","caption_full_with":false,"caption_max_with":"","scrolldown":false,"scrolldown_text":"Scroll down","scrolldown_color":"#000000"}},"e4fe7913-0e63-4ee3-95f8-624e8a6f8724":{"type":"product-list","settings":{"full_with":false,"max_with":"","color_bg":"rgba(0,0,0,0)","padding_block":"20px 0","padding_block_m":"60px 0","margin_block":"","heading":"NEW ARRIVALS","sub_heading":"","collection_handle":"frontpage","limit":8,"product_style":"style3","space_between":"3","button_text":"","slide_enable":false,"navigation":false,"pagination":false,"infinite":false,"autoplay":false,"autoplay_speed":"3000","column1":4,"column2":3,"column3":3,"column4":2}},"product_list_9786mD":{"type":"product-list","settings":{"full_with":false,"max_with":"","color_bg":"rgba(0,0,0,0)","padding_block":"","padding_block_m":"","margin_block":"","heading":"KETHEN &amp; DINING","sub_heading":"","collection_handle":"frontpage","limit":8,"product_style":"style3","space_between":"4","button_text":"","slide_enable":false,"navigation":true,"pagination":false,"infinite":true,"autoplay":false,"autoplay_speed":"10000","column1":4,"column2":3,"column3":2,"column4":2}},"product_list_6rRWeV":{"type":"product-list","settings":{"full_with":false,"max_with":"","color_bg":"rgba(0,0,0,0)","padding_block":"40px 0","padding_block_m":"","margin_block":"","heading":"BEDROOM","sub_heading":"","collection_handle":"frontpage","limit":8,"product_style":"style3","space_between":"4","button_text":"","slide_enable":false,"navigation":false,"pagination":false,"infinite":false,"autoplay":false,"autoplay_speed":"10000","column1":4,"column2":3,"column3":2,"column4":2}},"logo_list_CYRJBb":{"type":"logo-list","blocks":{"image_RKqUYG":{"type":"image","settings":{"link":""}},"image_EQLYdq":{"type":"image","settings":{"link":""}},"image_jEFqFg":{"type":"image","settings":{"link":""}},"image_QN7aLG":{"type":"image","settings":{"link":""}},"image_M7r6aX":{"type":"image","settings":{"link":""}},"image_jfy86t":{"type":"image","settings":{"link":""}}},"block_order":["image_RKqUYG","image_EQLYdq","image_jEFqFg","image_QN7aLG","image_M7r6aX","image_jfy86t"],"settings":{"full_with":false,"max_with":"","color_bg":"#ffffff","padding_block":"20px 0","padding_block_m":"","margin_block":"","logo_size":"150x150","image_ratio":"adapt","crop":false,"brand-effect":true,"slide_enable":false,"navigation":true,"infinite":true,"autoplay":false,"autoplay_speed":"10000","column1":6,"column2":3,"column3":2,"column4":2}}},"order":["slideshow_YJERzW","e4fe7913-0e63-4ee3-95f8-624e8a6f8724","product_list_9786mD","product_list_6rRWeV","logo_list_CYRJBb"]}