{"sections":{"breadcrumb":{"type":"breadcrumb-page","settings":{"full_with":true,"max_with":"1800px","margin_block":"","breadcrumb_title":"","enable_title":"none","breadcrumb_bg":"#f6f6f4","breadcrumb_color_heading":"#323232","breadcrumb_color":"#201f1f","breadcrumb_color_link":"#c3c3c3","breadcrumb-height":"65px","breadcrumb-mheight":"65px","text-align":"start"}},"main":{"type":"main-list-collections","custom_css":[".collection-image .card__image {background-size: auto; background-repeat: no-repeat; background-position: center center;}"],"settings":{"full_with":false,"max_with":"","color_bg":"rgba(0,0,0,0)","padding_block":"100px 0","padding_block_m":"60px 0","margin_block":"","title":"","layout_style":"style4","space_between":"3","products_per_page":6,"products_ditem_per_row":1,"products_titem_per_row":1,"products_mitem_per_row":1,"image_ratio":"adapt","crop":true,"show_count":true,"show_description":true,"show_button":true,"sort":"alphabetical"}}},"order":["breadcrumb","main"]}