{"sections":{"breadcrumb":{"type":"breadcrumb-page","settings":{"full_with":true,"max_with":"1800px","margin_block":"0 0 30px","breadcrumb_title":"","enable_title":"none","breadcrumb_bg":"#f6f6f4","breadcrumb_color_heading":"#323232","breadcrumb_color":"#201f1f","breadcrumb_color_link":"#c3c3c3","breadcrumb-height":"65px","breadcrumb-mheight":"65px","text-align":"start"}},"main":{"type":"main-page","disabled":true,"settings":{"full_with":false,"max_with":"","color_bg":"rgba(0,0,0,0)","padding_block":"","padding_block_m":"","margin_block":"0 0 30px"}},"8db80cbb-cca5-4588-aab2-4882c0e44188":{"type":"heading","blocks":{"template--16415183306918__8db80cbb-cca5-4588-aab2-4882c0e44188-text-2":{"type":"text","settings":{"title_style":"default","text":"Chill out at home","text_alignment":"center","text_style":"ff-heading","text_font-weight":"fw-normal","text_color_desktop":"#000000","text_font_size_desktop":36,"margin_desktop":"","text_font_size_tablet":16,"margin_tablet":"","text_font_size_mobile":16,"margin_mobile":""}}},"block_order":["template--16415183306918__8db80cbb-cca5-4588-aab2-4882c0e44188-text-2"],"settings":{"full_with":false,"max_with":"","color_bg":"rgba(0,0,0,0)","padding_block":"","padding_block_m":"","margin_block":"0 0 60px"}},"image_list_RrRNH6":{"type":"image-list","blocks":{"image_YHrK8U":{"type":"image","settings":{"width":"col-12","image":"shopify:\/\/shop_images\/banner-33.jpg","link":""}}},"block_order":["image_YHrK8U"],"settings":{"full_with":false,"max_with":"","color_bg":"rgba(0,0,0,0)","padding_block":"","padding_block_m":"","margin_block":"0px 0px 40px","image_ratio":"adapt","crop":false,"effect":"effectOne","space_between":"4"}},"html_iXrLcj":{"type":"html","settings":{"full_with":false,"max_with":"","color_bg":"rgba(0,0,0,0)","padding_block":"","padding_block_m":"","margin_block":"0 0 20px","heading":"","sub_heading":"","content":"<div style=\"text-align:justify;\">\n<p class=\"p1\"><span class=\"s1\" style=\"color: #ff0000;\"><b>Chill out at home<\/b> <\/span>with our amazing outdoor lounge chair sale this Juneteenth!<\/p>\n<p class=\"p1\">Get the perfect chairs to complete your outdoor space and enjoy the fresh air and sunshine with your loved ones.<\/p>\n<p class=\"p1\">From now until June 20th, we're offering discounts of up to 65% on a wide selection of outdoor patio chairs and special, free shipping for customers in the Cali area.<\/p>\n<p class=\"p1\"><strong>With our outdoor Lounge Chair, you can:<\/strong><\/p>\n\n<ul class=\"ul1\">\n \t<li class=\"li1\">Relax and unwind after a long day<\/li>\n \t<li class=\"li1\">Soak up the sun and enjoy the fresh air<\/li>\n \t<li class=\"li1\">Entertain guests in style<\/li>\n \t<li class=\"li1\">Create a cozy and inviting outdoor space<\/li>\n<\/ul>\n<p class=\"p1\">Don't miss out on this amazing opportunity to save big on outdoor Lounge chairs!<\/p>\n<p class=\"p1\">Shop our sale today and find the perfect chairs to transform your outdoor space.<\/p>\n<\/div>"}},"product_list_mL9khN":{"type":"product-list","settings":{"full_with":false,"max_with":"","color_bg":"rgba(0,0,0,0)","padding_block":"","padding_block_m":"","margin_block":"0px 0px 20px","heading":"Product List","sub_heading":"","collection_handle":"chill-out-at-home","limit":3,"product_style":"style3","space_between":"4","button_text":"","slide_enable":false,"navigation":true,"pagination":false,"infinite":false,"autoplay":false,"autoplay_speed":"10000","column1":3,"column2":3,"column3":2,"column4":2}}},"order":["breadcrumb","main","8db80cbb-cca5-4588-aab2-4882c0e44188","image_list_RrRNH6","html_iXrLcj","product_list_mL9khN"]}