{"sections":{"4a8e740a-48fb-4418-904d-72a05ebc70a8":{"type":"slideshow","blocks":{"dfe56afd-6105-4f0d-9e46-b57c77caf9dc":{"type":"image","settings":{"content_color":"rgba(0,0,0,0)","position_content":true,"image":"shopify:\/\/shop_images\/pslide11.jpg","bg_align":"center","link":"","alignment":"text-start align-middle","text-alignment":"start","slides_effect":"backInLeft","subheading":"Featured Products","subheading_color":"#222222","subheading_font_family":"text","subheading_font_size":16,"subheading_font_size_l":15,"subheading_font_size_m":14,"subheading_margin":"0 0 20px","subheading_margin_m":"0 0 15px","title":"","title_color":"#323232","title_font_family":"h3","title_font_size":36,"title_font_size_l":30,"title_font_size_m":22,"title_margin":"","title_margin_m":"","title2":"Lamp Collection","title2_color":"#222222","title2_font_family":"h3","title2_font_size":60,"title2_font_size_l":50,"title2_font_size_m":40,"title2_margin":"0 0 35px","title2_margin_m":"0 0 20px","desc":"<div style=\"width: 65%;min-width: 250px;\">Form is designed by Outstock Store and is part of the Form series. It is an armless modern chair with great back support.<\/div>","desc_color":"#222222","desc_font_family":"text","desc_font_size":14,"desc_font_size_l":14,"desc_font_size_m":13,"desc_margin":"0 0 40px","desc_margin_m":"0 0 20px","btn_text":"DISCOVER NOW","btn_link":"shopify:\/\/collections\/frontpage","btn_font_size":14,"btn_font_size_m":12,"btn_padding":"15px 60px","btn_padding_m":"8px 20px","btn_text_color":"#ffffff","btn_border_color":"#222222","btn_bg_color":"#222222","btn_text_hover_color":"#ffffff","btn_border_hover_color":"#d4a533","btn_bg_hover_color":"#d4a533","btn_margin":"","btn_margin_m":""}},"09ccb803-5e04-4c7f-b262-eab1e9fe9759":{"type":"image","settings":{"content_color":"rgba(0,0,0,0)","position_content":true,"image":"shopify:\/\/shop_images\/pslide12.jpg","bg_align":"center","link":"","alignment":"text-start align-middle","text-alignment":"start","slides_effect":"backInLeft","subheading":"Top Sale Of The Month","subheading_color":"#222222","subheading_font_family":"text","subheading_font_size":16,"subheading_font_size_l":15,"subheading_font_size_m":14,"subheading_margin":"0 0 20px","subheading_margin_m":"0 0 15px","title":"","title_color":"#323232","title_font_family":"h3","title_font_size":36,"title_font_size_l":30,"title_font_size_m":22,"title_margin":"","title_margin_m":"","title2":"Top Collection","title2_color":"#222222","title2_font_family":"h3","title2_font_size":60,"title2_font_size_l":50,"title2_font_size_m":40,"title2_margin":"0 0 35px","title2_margin_m":"0 0 20px","desc":"<div style=\"width: 65%;min-width: 250px;\">Claritas est etiam processus dynamicus, qui sequitur mutationem consuetudium lectorum.<\/div>","desc_color":"#222222","desc_font_family":"text","desc_font_size":14,"desc_font_size_l":14,"desc_font_size_m":13,"desc_margin":"0 0 40px","desc_margin_m":"0 0 20px","btn_text":"DISCOVER NOW","btn_link":"shopify:\/\/collections\/frontpage","btn_font_size":14,"btn_font_size_m":12,"btn_padding":"15px 80px","btn_padding_m":"8px 20px","btn_text_color":"#ffffff","btn_border_color":"#222222","btn_bg_color":"#222222","btn_text_hover_color":"#ffffff","btn_border_hover_color":"#d4a533","btn_bg_hover_color":"#d4a533","btn_margin":"","btn_margin_m":""}},"4b2b8131-d225-4edb-9eea-7892f8d0b1e6":{"type":"image","settings":{"content_color":"rgba(0,0,0,0)","position_content":true,"image":"shopify:\/\/shop_images\/pslide13.jpg","bg_align":"center","link":"","alignment":"text-start align-middle","text-alignment":"start","slides_effect":"backInLeft","subheading":"Hot Deal Off The Day","subheading_color":"#222222","subheading_font_family":"text","subheading_font_size":16,"subheading_font_size_l":15,"subheading_font_size_m":14,"subheading_margin":"0 0 20px","subheading_margin_m":"0 0 15px","title":"","title_color":"#323232","title_font_family":"h3","title_font_size":36,"title_font_size_l":30,"title_font_size_m":22,"title_margin":"","title_margin_m":"","title2":"Creative Interior","title2_color":"#222222","title2_font_family":"h3","title2_font_size":60,"title2_font_size_l":50,"title2_font_size_m":40,"title2_margin":"0 0 35px","title2_margin_m":"0 0 20px","desc":"<div style=\"width: 65%;min-width: 250px;\">Claritas est etiam processus dynamicus, qui sequitur mutationem consuetudium lectorum.<\/div>","desc_color":"#222222","desc_font_family":"text","desc_font_size":14,"desc_font_size_l":14,"desc_font_size_m":13,"desc_margin":"0 0 40px","desc_margin_m":"0 0 20px","btn_text":"DISCOVER NOW","btn_link":"shopify:\/\/collections\/frontpage","btn_font_size":14,"btn_font_size_m":12,"btn_padding":"15px 80px","btn_padding_m":"8px 20px","btn_text_color":"#ffffff","btn_border_color":"#222222","btn_bg_color":"#222222","btn_text_hover_color":"#ffffff","btn_border_hover_color":"#d4a533","btn_bg_hover_color":"#d4a533","btn_margin":"","btn_margin_m":""}}},"block_order":["dfe56afd-6105-4f0d-9e46-b57c77caf9dc","09ccb803-5e04-4c7f-b262-eab1e9fe9759","4b2b8131-d225-4edb-9eea-7892f8d0b1e6"],"settings":{"full_with":true,"max_with":"","color_bg":"rgba(0,0,0,0)","padding_block":"","padding_block_m":"","margin_block":"0 0 4px","slideshow-height":"790px","slideshow-theight":"600px","slideshow-mheight":"300px","navigation":true,"pagination":true,"fade":true,"autoplay":false,"autoplay_speed":"8000","caption_full_with":false,"caption_max_with":"","scrolldown":false,"scrolldown_text":"Scroll down","scrolldown_color":"#000000"}},"d7a85e18-846f-41bb-9366-9b32e10855ac":{"type":"collection-list","blocks":{"template--14953669361729__d7a85e18-846f-41bb-9366-9b32e10855ac-collection-1":{"type":"collection","settings":{"collection_title":"Chair Collection SS\/21","collection_image":"shopify:\/\/shop_images\/fbanner1.jpg","collection_handle":"best-sellter"}},"template--14953669361729__d7a85e18-846f-41bb-9366-9b32e10855ac-collection-2":{"type":"collection","settings":{"collection_title":"Accessories Style","collection_image":"shopify:\/\/shop_images\/pbanner2.jpg","collection_handle":"illumination"}},"template--14953669361729__d7a85e18-846f-41bb-9366-9b32e10855ac-collection-3":{"type":"collection","settings":{"collection_title":"Lighting Style SS\/21","collection_image":"shopify:\/\/shop_images\/pbanner3.jpg","collection_handle":"kitchen-things"}}},"block_order":["template--14953669361729__d7a85e18-846f-41bb-9366-9b32e10855ac-collection-1","template--14953669361729__d7a85e18-846f-41bb-9366-9b32e10855ac-collection-2","template--14953669361729__d7a85e18-846f-41bb-9366-9b32e10855ac-collection-3"],"settings":{"full_with":true,"max_with":"","color_bg":"rgba(0,0,0,0)","padding_block":"","padding_block_m":"","margin_block":"","heading":"","sub_heading":"","image_ratio":"adapt","crop":false,"collection_count":true,"collection_style":"style3","space_between":"1","slide_enable":false,"navigation":true,"pagination":false,"infinite":true,"autoplay":false,"autoplay_speed":"10000","column1":3,"column2":2,"column3":1,"column4":1}},"1e0bba9c-3bb0-4739-9385-11141a09ad9a":{"type":"product-list","settings":{"full_with":false,"max_with":"","color_bg":"#ffffff","padding_block":"100px 0","padding_block_m":"60px 0","margin_block":"","heading":"Top Selling Products","sub_heading":"Commodo sociosqu venenatis cras dolor sagittis integer luctus sem primis eget maecenas.","collection_handle":"best-sellter","limit":8,"product_style":"style3","space_between":"4","button_text":"Show all products","slide_enable":false,"navigation":true,"pagination":false,"infinite":false,"autoplay":false,"autoplay_speed":"10000","column1":4,"column2":3,"column3":2,"column4":2}},"55e8aa73-dec1-4b31-a78a-fb8c0df50b16":{"type":"multi-image-with-text","blocks":{"template--14953669427265__55e8aa73-dec1-4b31-a78a-fb8c0df50b16-feature_item-1":{"type":"feature_item","settings":{"width_desk":50,"width_tablet":50,"width_mobile":100,"item_padding":"10px 8%","item_padding_m":"10px 10px","text_align":"text-start align-items-center","banner_position":"over","banner":"shopify:\/\/shop_images\/pbanner4.jpg","subtitle":"<span class=\"fw-semibold\">FEATURED PRODUCTS<\/span>","heading_subcolor":"#d4a533","heading_sub_size":14,"heading_sub_size_m":12,"heading_sub_margin":"0 0 5px","heading_sub_margin_m":"","title":"<span class=\"fw-semibold\">Premium Small Bottle Grinder<\/span>","heading_color":"#222222","heading_size":24,"heading_size_m":20,"heading_margin":"","heading_margin_m":"","content":"Found it cheaper - we'll match","text_color":"#222222","text_size":16,"text_size_m":15,"text_margin":"20px 0 50px","text_margin_m":"10px 0 25px","button":"SHOP COLLECTION","button_url":"shopify:\/\/collections\/frontpage","button_color":"#ffffff","button_border_color":"#222222","button_width":1,"button_bg_color":"#222222","button_size":13,"button_size_m":12,"button_padding":"16px 40px","button_padding_m":"10px 25px"}},"template--14953669427265__55e8aa73-dec1-4b31-a78a-fb8c0df50b16-feature_item-2":{"type":"feature_item","settings":{"width_desk":50,"width_tablet":50,"width_mobile":100,"item_padding":"10px 8%","item_padding_m":"10px 10px","text_align":"text-start align-items-center","banner_position":"over","banner":"shopify:\/\/shop_images\/pbanner5.jpg","subtitle":"<span class=\"fw-semibold\">TRENDING PRODUCTS<\/span>","heading_subcolor":"#d4a533","heading_sub_size":14,"heading_sub_size_m":12,"heading_sub_margin":"0 0 5px","heading_sub_margin_m":"","title":"<span class=\"fw-semibold\">Lifestyle Accessories Parrot<\/span>","heading_color":"#222222","heading_size":24,"heading_size_m":20,"heading_margin":"","heading_margin_m":"","content":"Secure &amp; encrypted checkout","text_color":"#222222","text_size":16,"text_size_m":15,"text_margin":"20px 0 50px","text_margin_m":"10px 0 25px","button":"SHOP COLLECTION","button_url":"shopify:\/\/collections\/best-sellter","button_color":"#ffffff","button_border_color":"#222222","button_width":1,"button_bg_color":"#222222","button_size":13,"button_size_m":12,"button_padding":"16px 40px","button_padding_m":"10px 25px"}}},"block_order":["template--14953669427265__55e8aa73-dec1-4b31-a78a-fb8c0df50b16-feature_item-1","template--14953669427265__55e8aa73-dec1-4b31-a78a-fb8c0df50b16-feature_item-2"],"settings":{"full_with":true,"max_with":"","color_bg":"rgba(0,0,0,0)","padding_block":"","padding_block_m":"","margin_block":"","space_between":"4"}},"e4fe7913-0e63-4ee3-95f8-624e8a6f8724":{"type":"product-list","settings":{"full_with":false,"max_with":"","color_bg":"rgba(0,0,0,0)","padding_block":"100px 0","padding_block_m":"60px 0","margin_block":"","heading":"TRENDING PRODUCT","sub_heading":"Commodo sociosqu venenatis cras dolor sagittis integer luctus sem primis eget maecenas.","collection_handle":"frontpage","limit":6,"product_style":"default","space_between":"4","button_text":"","slide_enable":true,"navigation":false,"pagination":true,"infinite":false,"autoplay":false,"autoplay_speed":"10000","column1":4,"column2":3,"column3":2,"column4":2}},"0af6ab0f-98de-41ff-9e71-a94d14762c28":{"type":"border","settings":{"full_with":false,"max_with":"","color_bg":"rgba(0,0,0,0)","padding_block":"","padding_block_m":"","margin_block":"","border_style":"solid","border_width":1,"border_color":"#ebebeb"}},"dabfba3b-ed35-41f7-ae1f-afee61d8b911":{"type":"blog-posts","settings":{"full_with":false,"max_with":"","color_bg":"#ffffff","padding_block":"100px 0","padding_block_m":"60px 0","margin_block":"","heading":"LATEST BLOG POSTS","sub_heading":"Commodo sociosqu venenatis cras dolor sagittis integer luctus sem primis eget maecenas sed urna malesuada consectetuer","blog_handle":"news","limit":8,"space_between":"4","blog_image":true,"blog_date":true,"blog_author":true,"blog_excerp":true,"blog_readmore":true,"image_ratio":"adapt","crop":false,"blog_style":"grid","button_text":"","navigation":true,"pagination":false,"infinite":false,"autoplay":false,"autoplay_speed":"10000","column1":3,"column2":3,"column3":2,"column4":1}}},"order":["4a8e740a-48fb-4418-904d-72a05ebc70a8","d7a85e18-846f-41bb-9366-9b32e10855ac","1e0bba9c-3bb0-4739-9385-11141a09ad9a","55e8aa73-dec1-4b31-a78a-fb8c0df50b16","e4fe7913-0e63-4ee3-95f8-624e8a6f8724","0af6ab0f-98de-41ff-9e71-a94d14762c28","dabfba3b-ed35-41f7-ae1f-afee61d8b911"]}