{"sections":{"breadcrumb":{"type":"breadcrumb-page","settings":{"full_with":true,"max_with":"1800px","margin_block":"0 0 30px","breadcrumb_title":"","enable_title":"none","breadcrumb_bg":"#f6f6f4","breadcrumb_color_heading":"#323232","breadcrumb_color":"#201f1f","breadcrumb_color_link":"#c3c3c3","breadcrumb-height":"65px","breadcrumb-mheight":"65px","text-align":"start"}},"main":{"type":"main-page","disabled":true,"settings":{"full_with":false,"max_with":"","color_bg":"rgba(0,0,0,0)","padding_block":"","padding_block_m":"","margin_block":"0 0 30px"}},"8db80cbb-cca5-4588-aab2-4882c0e44188":{"type":"heading","blocks":{"template--16415183306918__8db80cbb-cca5-4588-aab2-4882c0e44188-text-2":{"type":"text","settings":{"title_style":"default","text":"Privacy Policy","text_alignment":"center","text_style":"ff-heading","text_font-weight":"fw-normal","text_color_desktop":"#000000","text_font_size_desktop":36,"margin_desktop":"","text_font_size_tablet":16,"margin_tablet":"","text_font_size_mobile":16,"margin_mobile":""}},"template--16415183306918__8db80cbb-cca5-4588-aab2-4882c0e44188-text-3":{"type":"text","settings":{"title_style":"style1","text":"<div style=\"font-size:17px;line-height:25px\">This Privacy Policy describes how your personal information is collected, used, and shared when you visit or make a purchase from aleefurnishing.com (the “Site”).<br><br>\n\nPERSONAL INFORMATION WE COLLECT<br>\nWhen you visit the Site, we automatically collect certain information about your device, including information about your web browser, IP address, time zone, and some of the cookies that are installed on your device. Additionally, as you browse the Site, we collect information about the individual web pages or products that you view, what websites or search terms referred you to the Site, and information about h<br>ow you interact with the Site. We refer to this automatically-collected information as “Device Information”.<br><br>\n\nWe collect Device Information using the following technologies:<br>\n- “Cookies” are data files that are placed on your device or computer and often include an anonymous unique identifier. For more information about cookies, and how to disable cookies, visit http:\/\/www.allaboutcookies.org.<br>\n- “Log files” track actions occurring on the Site, and collect data including your IP address, browser type, Internet service provider, referring\/exit pages, and date\/time stamps.<br>\n- “Web beacons”, “tags”, and “pixels” are electronic files used to record information about how you browse the Site.\n<br><br>\n\nAdditionally when you make a purchase or attempt to make a purchase through the Site, we collect certain information from you, including your name, billing address, shipping address, payment information (including credit card numbers  email address, and phone number. We refer to this information as “Order Information”.\n<br><br>\n\nWhen we talk about “Personal Information” in this Privacy Policy, we are talking both about Device Information and Order Information.<br><br>\n\nHOW DO WE USE YOUR PERSONAL INFORMATION?<br>\nWe use the Order Information that we collect generally to fulfill any orders placed through the Site (including processing your payment information, arranging for shipping, and providing you with invoices and\/or order confirmations). Additionally, we use this Order Information to:<br>\n- Communicate with you;<br>\n- Screen our orders for potential risk or fraud; and<br>\n- When in line with the preferences you have shared with us, provide you with information or advertising relating to our products or services.<br><br>\n\nWe use the Device Information that we collect to help us screen for potential risk and fraud (in particular, your IP address), and more generally to improve and optimize our Site (for example, by generating analytics about how our customers browse and interact with the Site, and to assess the success of our marketing and advertising campaigns).<br><br>\n\n\n\nSHARING YOUR PERSONAL INFORMATION<br>\nWe share your Personal Information with third parties to help us use your Personal Information, as described above. For example, we use Shopify to power our online store--you can read more about how Shopify uses your Personal Information here: https:\/\/www.shopify.com\/legal\/privacy. We also use Google Analytics to help us understand how our customers use the Site -- you can read more about how Google uses your Personal Information here: https:\/\/www.google.com\/intl\/en\/policies\/privacy\/. You can also opt-out of Google Analytics here: https:\/\/tools.google.com\/dlpage\/gaoptout.<br>\n\nFinally, we may also share your Personal Information to comply with applicable laws and regulations, to respond to a subpoena, search warrant or other lawful request for information we receive, or to otherwise protect our rights.<br>\n\nBEHAVIOURAL ADVERTISING<br><br>\nAs described above, we use your Personal Information to provide you with targeted advertisements or marketing communications we believe may be of interest to you. For more information about how targeted advertising works, you can visit the Network Advertising Initiative’s (“NAI”) educational page at http:\/\/www.networkadvertising.org\/understanding-online-advertising\/how-does-it-work.<br>\n\n\nDO NOT TRACK<br><br>\nPlease note that we do not alter our Site’s data collection and use practices when we see a Do Not Track signal from your browser.<br>\n\nYOUR RIGHTS<br><br>\nIf you are a European resident, you have the right to access personal information we hold about you and to ask that your personal information be corrected, updated, or deleted. If you would like to exercise this right, please contact us through the contact information below.<br>\n\nAdditionally, if you are a European resident we note that we are processing your information in order to fulfill contracts we might have with you (for example if you make an order through the Site), or otherwise to pursue our legitimate business interests listed above. Additionally, please note that your information will be transferred outside of Europe, including to Canada and the United States.<br><br>\n\nDATA RETENTION<br>\nWhen you place an order through the Site, we will maintain your Order Information for our records unless and until you ask us to delete this information.<br>\n\nCHANGES<br>\nWe may update this privacy policy from time to time in order to reflect, for example, changes to our practices or for other operational, legal or regulatory reasons.<br>\n\nCONTACT US\nFor more information about our privacy practices, if you have questions, or if you would like to make a complaint, please contact us by e‑mail at support@aleefurnishing.com\n<\/div>","text_alignment":"start","text_style":"text","text_font-weight":"fw-normal","text_color_desktop":"#666666","text_font_size_desktop":14,"margin_desktop":"30px","text_font_size_tablet":16,"margin_tablet":"30px","text_font_size_mobile":16,"margin_mobile":"30px"}}},"block_order":["template--16415183306918__8db80cbb-cca5-4588-aab2-4882c0e44188-text-2","template--16415183306918__8db80cbb-cca5-4588-aab2-4882c0e44188-text-3"],"settings":{"full_with":false,"max_with":"","color_bg":"rgba(0,0,0,0)","padding_block":"","padding_block_m":"","margin_block":"0 0 60px"}}},"order":["breadcrumb","main","8db80cbb-cca5-4588-aab2-4882c0e44188"]}