{"sections":{"breadcrumb":{"type":"breadcrumb-page","settings":{"full_with":true,"max_with":"1800px","margin_block":"0 0 30px","breadcrumb_title":"","enable_title":"none","breadcrumb_bg":"#f6f6f4","breadcrumb_color_heading":"#323232","breadcrumb_color":"#201f1f","breadcrumb_color_link":"#c3c3c3","breadcrumb-height":"65px","breadcrumb-mheight":"65px","text-align":"start"}},"main":{"type":"main-page","disabled":true,"settings":{"full_with":false,"max_with":"","color_bg":"rgba(0,0,0,0)","padding_block":"","padding_block_m":"","margin_block":"0 0 30px"}},"8db80cbb-cca5-4588-aab2-4882c0e44188":{"type":"heading","blocks":{"template--16415183306918__8db80cbb-cca5-4588-aab2-4882c0e44188-text-2":{"type":"text","settings":{"title_style":"default","text":"Terms of service","text_alignment":"center","text_style":"ff-heading","text_font-weight":"fw-normal","text_color_desktop":"#000000","text_font_size_desktop":36,"margin_desktop":"","text_font_size_tablet":16,"margin_tablet":"","text_font_size_mobile":16,"margin_mobile":""}},"template--16415183306918__8db80cbb-cca5-4588-aab2-4882c0e44188-text-3":{"type":"text","settings":{"title_style":"default","text":"<div style=\"font-size:17px;line-height:25px\">OVERVIEW<br>\n\nThis website is operated by Goodfair. Throughout the site, the terms “we”, “us” and “our” refer to Goodfair. Goodfair offers this website, including all information, tools and services available from this site to you, the user, conditioned upon your acceptance of all terms, conditions, policies and notices stated here.<br>\n\nBy visiting our site and\/ or purchasing something from us, you engage in our “Service” and agree to be bound by the following terms and conditions (“Terms of Service”, “Terms”), including those additional terms and conditions and policies referenced herein and\/or available by hyperlink. These Terms of Service apply to all users of the site, in<br>\n\nTerms and Conditions\n<br>\n \n\nAgreement between User and www.goodfair.com<br>\n\nWelcome to www.goodfair.com. The www.goodfair.com website (the \"Site\") is comprised of various web pages operated by Green Gold Acquisition Corp. (\"Goodfair\"). www.goodfair.com is offered to you conditioned on your acceptance without modification of the terms, conditions, and notices contained herein (the \"Terms\"). Your use of www.goodfair.com constitutes your agreement to all such Terms. Please read these terms carefully, and keep a copy of them for your reference.<br>\n\n \n\nwww.goodfair.com is an E-Commerce Site offering used clothing for sale online.<br>\n\n \n\nPrivacy<br>\n\nYour use of www.goodfair.com is subject to Goodfair's Privacy Policy. Please review our Privacy Policy, which also governs the Site and informs users of our data collection practices.<br>\n\n \n\nElectronic Communications<br>\n\nVisiting www.goodfair.com or sending emails to Goodfair constitutes electronic communications. You consent to receive electronic communications and you agree that all agreements, notices, disclosures and other communications that we provide to you electronically, via email and on the Site, satisfy any legal requirement that such communications be in writing.<br>\n\n \n\nYour Account<br>\n\nIf you use this site, you are responsible for maintaining the confidentiality of your account and password and for restricting access to your computer, and you agree to accept responsibility for all activities that occur under your account or password. You may not assign or otherwise transfer your account to any other person or entity. You acknowledge that Goodfair is not responsible for third party access to your account that results from theft or misappropriation of your account. Goodfair and its associates reserve the right to refuse or cancel service, terminate accounts, or remove or edit content in our sole discretion.<br>\n\n \n\nChildren Under Thirteen<br>\n\nGoodfair does not knowingly collect, either online or offline, personal information from persons under the age of thirteen. If you are under 18, you may use www.goodfair.com only with permission of a parent or guardian.<br>\n\n \n\nCancellation\/Refund Policy<br>\n\nYou may receive a full refund for any items that are damaged, provided that you submit a photo of the damaged item in advance. We allow for cancellations if the order has not yet shipped from our warehouse.  In addition, we offer a one time replacement for any order that you are unsatisfied with for the cost of shipping only. Any refund or exchange requests received after one week following receipt by you will not qualify for a refund or an exchange. Please contact us at recycle@goodfair.com with any questions.<br>\n\n \n\nLinks to Third Party Sites\/Third Party Services<br>\n\nwww.goodfair.com may contain links to other websites (\"Linked Sites\"). The Linked Sites are not under the control of Goodfair and Goodfair is not responsible for the contents of any Linked Site, including without limitation any link contained in a Linked Site, or any changes or updates to a Linked Site. Goodfair is providing these links to you only as a convenience, and the inclusion of any link does not imply endorsement by Goodfair of the site or any association with its operators.<br>\n\n \n\nCertain services made available via www.goodfair.com are delivered by third party sites and organizations. By using any product, service or functionality originating from the www.goodfair.com domain, you hereby acknowledge and consent that Goodfair may share such information and data with any third party with whom Goodfair has a contractual relationship to provide the requested product, service or functionality on behalf of www.goodfair.com users and customers.<br>\n\n \n\nNo Unlawful or Prohibited Use\/Intellectual Property <br>\n\nYou are granted a non-exclusive, non-transferable, revocable license to access and use www.goodfair.com strictly in accordance with these terms of use. As a condition of your use of the Site, you warrant to Goodfair that you will not use the Site for any purpose that is unlawful or prohibited by these Terms. You may not use the Site in any manner which could damage, disable, overburden, or impair the Site or interfere with any other party's use and enjoyment of the Site. You may not obtain or attempt to obtain any materials or information through any means not intentionally made available or provided for through the Site.<br>\n\n \n\nAll content included as part of the Service, such as text, graphics, logos, images, as well as the compilation thereof, and any software used on the Site, is the property of Goodfair or its suppliers and protected by copyright and other laws that protect intellectual property and proprietary rights. You agree to observe and abide by all copyright and other proprietary notices, legends or other restrictions contained in any such content and will not make any changes thereto.<br>\n\n \n\nYou will not modify, publish, transmit, reverse engineer, participate in the transfer or sale, create derivative works, or in any way exploit any of the content, in whole or in part, found on the Site. Goodfair content is not for resale. Your use of the Site does not entitle you to make any unauthorized use of any protected content, and in particular you will not delete or alter any proprietary rights or attribution notices in any content. You will use protected content solely for your personal use, and will make no other use of the content without the express written permission of Goodfair and the copyright owner. You agree that you do not acquire any ownership rights in any protected content. We do not grant you any licenses, express or implied, to the intellectual property of Goodfair or our licensors except as expressly authorized by these Terms.\n<br>\n \n\nInternational Users\n\nThe Service is controlled, operated and administered by Goodfair from our offices within the USA. If you access the Service from a location outside the USA, you are responsible for compliance with all local laws. You agree that you will not use the Goodfair Content accessed through www.goodfair.com in any country or in any manner prohibited by any applicable laws, restrictions or regulations.\n<br>\n \n\nIndemnification<br>\n\nYou agree to indemnify, defend and hold harmless Goodfair, its officers, directors, employees, agents and third parties, for any losses, costs, liabilities and expenses (including reasonable attorney's fees) relating to or arising out of your use of or inability to use the Site or services, any user postings made by you, your violation of any terms of this Agreement or your violation of any rights of a third party, or your violation of any applicable laws, rules or regulations. Goodfair reserves the right, at its own cost, to assume the exclusive defense and control of any matter otherwise subject to indemnification by you, in which event you will fully cooperate with Goodfair in asserting any available defenses.<br>\n\n \n\nArbitration<br>\n\nIn the event the parties are not able to resolve any dispute between them arising out of or concerning these Terms and Conditions, or any provisions hereof, whether in contract, tort, or otherwise at law or in equity for damages or any other relief, then such dispute shall be resolved only by final and binding arbitration pursuant to the Federal Arbitration Act, conducted by a single neutral arbitrator and administered by the American Arbitration Association, or a similar arbitration service selected by the parties, in a location mutually agreed upon by the parties. The arbitrator's award shall be final, and judgment may be entered upon it in any court having jurisdiction. In the event that any legal or equitable action, proceeding or arbitration arises out of or concerns these Terms and Conditions, the prevailing party shall be entitled to recover its costs and reasonable attorney's fees. The parties agree to arbitrate all disputes and claims in regards to these Terms and Conditions or any disputes arising as a result of these Terms and Conditions, whether directly or indirectly, including Tort claims that are a result of these Terms and Conditions. The parties agree that the Federal Arbitration Act governs the interpretation and enforcement of this provision. The entire dispute, including the scope and enforceability of this arbitration provision shall be determined by the Arbitrator. This arbitration provision shall survive the termination of these Terms and Conditions.<br>\n\n \n\nClass Action Waiver<br>\n\nAny arbitration under these Terms and Conditions will take place on an individual basis; class arbitrations and class\/representative\/collective actions are not permitted. THE PARTIES AGREE THAT A PARTY MAY BRING CLAIMS AGAINST THE OTHER ONLY IN EACH'S INDIVIDUAL CAPACITY, AND NOT AS A PLAINTIFF OR CLASS MEMBER IN ANY PUTATIVE CLASS, COLLECTIVE AND\/ OR REPRESENTATIVE PROCEEDING, SUCH AS IN THE FORM OF A PRIVATE ATTORNEY GENERAL ACTION AGAINST THE OTHER. Further, unless both you and Goodfair agree otherwise, the arbitrator may not consolidate more than one person's claims, and may not otherwise preside over any form of a representative or class proceeding.<br>\n\n \n\nLiability Disclaimer<br>\n<br>\nTHE INFORMATION, SOFTWARE, PRODUCTS, AND SERVICES INCLUDED IN OR AVAILABLE THROUGH THE SITE MAY INCLUDE INACCURACIES OR TYPOGRAPHICAL ERRORS. CHANGES ARE PERIODICALLY ADDED TO THE INFORMATION HEREIN. GOODFAIR, INC. AND\/OR ITS SUPPLIERS MAY MAKE IMPROVEMENTS AND\/OR CHANGES IN THE SITE AT ANY TIME.<br>\n\n \n\nGOODFAIR, INC. AND\/OR ITS SUPPLIERS MAKE NO REPRESENTATIONS ABOUT THE SUITABILITY, RELIABILITY, AVAILABILITY, TIMELINESS, AND ACCURACY OF THE INFORMATION, SOFTWARE, PRODUCTS, SERVICES AND RELATED GRAPHICS CONTAINED ON THE SITE FOR ANY PURPOSE. TO THE MAXIMUM EXTENT PERMITTED BY APPLICABLE LAW, ALL SUCH INFORMATION, SOFTWARE, PRODUCTS, SERVICES AND RELATED GRAPHICS ARE PROVIDED \"AS IS\" WITHOUT WARRANTY OR CONDITION OF ANY KIND. GOODFAIR, INC. AND\/OR ITS SUPPLIERS HEREBY DISCLAIM ALL WARRANTIES AND CONDITIONS WITH REGARD TO THIS INFORMATION, SOFTWARE, PRODUCTS, SERVICES AND RELATED GRAPHICS, INCLUDING ALL IMPLIED WARRANTIES OR CONDITIONS OF MERCHANTABILITY, FITNESS FOR A PARTICULAR PURPOSE, TITLE AND NON-INFRINGEMENT.\n<br>\n \n\nTO THE MAXIMUM EXTENT PERMITTED BY APPLICABLE LAW, IN NO EVENT SHALL GOODFAIR, INC. AND\/OR ITS SUPPLIERS BE LIABLE FOR ANY DIRECT, INDIRECT, PUNITIVE, INCIDENTAL, SPECIAL, CONSEQUENTIAL DAMAGES OR ANY DAMAGES WHATSOEVER INCLUDING, WITHOUT LIMITATION, DAMAGES FOR LOSS OF USE, DATA OR PROFITS, ARISING OUT OF OR IN ANY WAY CONNECTED WITH THE USE OR PERFORMANCE OF THE SITE, WITH THE DELAY OR INABILITY TO USE THE SITE OR RELATED SERVICES, THE PROVISION OF OR FAILURE TO PROVIDE SERVICES, OR FOR ANY INFORMATION, SOFTWARE, PRODUCTS, SERVICES AND RELATED GRAPHICS OBTAINED THROUGH THE SITE, OR OTHERWISE ARISING OUT OF THE USE OF THE SITE, WHETHER BASED ON CONTRACT, TORT, NEGLIGENCE, STRICT LIABILITY OR OTHERWISE, EVEN IF GOODFAIR, INC. OR ANY OF ITS SUPPLIERS HAS BEEN ADVISED OF THE POSSIBILITY OF DAMAGES. BECAUSE SOME STATES\/JURISDICTIONS DO NOT ALLOW THE EXCLUSION OR LIMITATION OF LIABILITY FOR CONSEQUENTIAL OR INCIDENTAL DAMAGES, THE ABOVE LIMITATION MAY NOT APPLY TO YOU. IF YOU ARE DISSATISFIED WITH ANY PORTION OF THE SITE, OR WITH ANY OF THESE TERMS OF USE, YOUR SOLE AND EXCLUSIVE REMEDY IS TO DISCONTINUE USING THE SITE.<br>\n\n \n\nTermination\/Access Restriction <br>\n\nGoodfair reserves the right, in its sole discretion, to terminate your access to the Site and the related services or any portion thereof at any time, without notice. To the maximum extent permitted by law, this agreement is governed by the laws of the State of Texas and you hereby consent to the exclusive jurisdiction and venue of courts in Texas in all disputes arising out of or relating to the use of the Site. Use of the Site is unauthorized in any jurisdiction that does not give effect to all provisions of these Terms, including, without limitation, this section.<br>\n\n \n\nYou agree that no joint venture, partnership, employment, or agency relationship exists between you and Goodfair as a result of this agreement or use of the Site. Goodfair's performance of this agreement is subject to existing laws and legal process, and nothing contained in this agreement is in derogation of Goodfair's right to comply with governmental, court and law enforcement requests or requirements relating to your use of the Site or information provided to or gathered by Goodfair with respect to such use. If any part of this agreement is determined to be invalid or unenforceable pursuant to applicable law including, but not limited to, the warranty disclaimers and liability limitations set forth above, then the invalid or unenforceable provision will be deemed superseded by a valid, enforceable provision that most closely matches the intent of the original provision and the remainder of the agreement shall continue in effect.<br>\n\n \n\nUnless otherwise specified herein, this agreement constitutes the entire agreement between the user and Goodfair with respect to the Site and it supersedes all prior or contemporaneous communications and proposals, whether electronic, oral or written, between the user and Goodfair with respect to the Site. A printed version of this agreement and of any notice given in electronic form shall be admissible in judicial or administrative proceedings based upon or relating to this agreement to the same extent and subject to the same conditions as other business documents and records originally generated and maintained in printed form. It is the express wish to the parties that this agreement and all related documents be written in English.<br>\n\n \n\nChanges to Terms<br>\n\nGoodfair reserves the right, in its sole discretion, to change the Terms under which www.goodfair.com is offered. The most current version of the Terms will supersede all previous versions. Goodfair encourages you to periodically review the Terms to stay informed of our updates.\n<br>\n \n\nContact Us<br>\n\naleefurnishing welcomes your questions or comments regarding the Terms:<br>\n<br>\n \n\naleefurnishing, Inc.\n\n6901 CORPORATE DR STE 107, HOUSTON, TX 77036, USA.\n\n \n\nEmail Address:\n\nsupport@aleefurnishing.com\n\n\n \n\n_________________\n\n \n\nEffective as of January 01, 2019<br>\n\nIncluding without limitation users who are browsers, vendors, customers, merchants, and\/ or contributors of content.<br>\n\nPlease read these Terms of Service carefully before accessing or using our website. By accessing or using any part of the site, you agree to be bound by these Terms of Service. If you do not agree to all the terms and conditions of this agreement, then you may not access the website or use any services. If these Terms of Service are considered an offer, acceptance is expressly limited to these Terms of Service.<br>\n\nAny new features or tools which are added to the current store shall also be subject to the Terms of Service. You can review the most current version of the Terms of Service at any time on this page. We reserve the right to update, change or replace any part of these Terms of Service by posting updates and\/or changes to our website. It is your responsibility to check this page periodically for changes. Your continued use of or access to the website following the posting of any changes constitutes acceptance of those changes.<br>\n\nOur store is hosted on Shopify Inc. They provide us with the online e-commerce platform that allows us to sell our products and services to you.<br>\n\nSECTION 1 - ONLINE STORE TERMS<br>\n\nBy agreeing to these Terms of Service, you represent that you are at least the age of majority in your state or province of residence, or that you are the age of majority in your state or province of residence and you have given us your consent to allow any of your minor dependents to use this site.\nYou may not use our products for any illegal or unauthorized purpose nor may you, in the use of the Service, violate any laws in your jurisdiction (including but not limited to copyright laws).\nYou must not transmit any worms or viruses or any code of a destructive nature.\nA breach or violation of any of the Terms will result in an immediate termination of your Services.<br>\n\nSECTION 2 - GENERAL CONDITIONS<br>\n\nWe reserve the right to refuse service to anyone for any reason at any time.\nYou understand that your content (not including credit card information), may be transferred unencrypted and involve (a) transmissions over various networks; and (b) changes to conform and adapt to technical requirements of connecting networks or devices. Credit card information is always encrypted during transfer over networks.\nYou agree not to reproduce, duplicate, copy, sell, resell or exploit any portion of the Service, use of the Service, or access to the Service or any contact on the website through which the service is provided, without express written permission by us.\nThe headings used in this agreement are included for convenience only and will not limit or otherwise affect these Terms.<br>\n\nSECTION 3 - ACCURACY, COMPLETENESS AND TIMELINESS OF INFORMATION<br>\n\nWe are not responsible if information made available on this site is not accurate, complete or current. The material on this site is provided for general information only and should not be relied upon or used as the sole basis for making decisions without consulting primary, more accurate, more complete or more timely sources of information. Any reliance on the material on this site is at your own risk.<br>\nThis site may contain certain historical information. Historical information, necessarily, is not current and is provided for your reference only. We reserve the right to modify the contents of this site at any time, but we have no obligation to update any information on our site. You agree that it is your responsibility to monitor changes to our site.<br>\n\nSECTION 4 - MODIFICATIONS TO THE SERVICE AND PRICES<br>\n\nPrices for our products are subject to change without notice.\nWe reserve the right at any time to modify or discontinue the Service (or any part or content thereof) without notice at any time.\nWe shall not be liable to you or to any third-party for any modification, price change, suspension or discontinuance of the Service.<br>\n\nSECTION 5 - PRODUCTS OR SERVICES (if applicable)<br>\n\nCertain products or services may be available exclusively online through the website. These products or services may have limited quantities and are subject to return or exchange only according to our Return Policy.\nWe have made every effort to display as accurately as possible the colors and images of our products that appear at the store. We cannot guarantee that your computer monitor's display of any color will be accurate.\nWe reserve the right, but are not obligated, to limit the sales of our products or Services to any person, geographic region or jurisdiction. We may exercise this right on a case-by-case basis. We reserve the right to limit the quantities of any products or services that we offer. All descriptions of products or product pricing are subject to change at anytime without notice, at the sole discretion of us. We reserve the right to discontinue any product at any time. Any offer for any product or service made on this site is void where prohibited.\nWe do not warrant that the quality of any products, services, information, or other material purchased or obtained by you will meet your expectations, or that any errors in the Service will be corrected.<br>\n\nSECTION 6 - ACCURACY OF BILLING AND ACCOUNT INFORMATION<br>\n\nWe reserve the right to refuse any order you place with us. We may, in our sole discretion, limit or cancel quantities purchased per person, per household or per order. These restrictions may include orders placed by or under the same customer account, the same credit card, and\/or orders that use the same billing and\/or shipping address. In the event that we make a change to or cancel an order, we may attempt to notify you by contacting the e‑mail and\/or billing address\/phone number provided at the time the order was made. We reserve the right to limit or prohibit orders that, in our sole judgment, appear to be placed by dealers, resellers or distributors.<br>\n\nYou agree to provide current, complete and accurate purchase and account information for all purchases made at our store. You agree to promptly update your account and other information, including your email address and credit card numbers and expiration dates, so that we can complete your transactions and contact you as needed.<br>\n\nFor more detail, please review our Returns Policy.<br>\n\nSECTION 7 - OPTIONAL TOOLS\n\nWe may provide you with access to third-party tools over which we neither monitor nor have any control nor input.\nYou acknowledge and agree that we provide access to such tools ”as is” and “as available” without any warranties, representations or conditions of any kind and without any endorsement. We shall have no liability whatsoever arising from or relating to your use of optional third-party tools.\nAny use by you of optional tools offered through the site is entirely at your own risk and discretion and you should ensure that you are familiar with and approve of the terms on which tools are provided by the relevant third-party provider(s).\nWe may also, in the future, offer new services and\/or features through the website (including, the release of new tools and resources). Such new features and\/or services shall also be subject to these Terms of Service.<br>\n<br>\nSECTION 8 - THIRD-PARTY LINKS<br>\n\nCertain content, products and services available via our Service may include materials from third-parties.\nThird-party links on this site may direct you to third-party websites that are not affiliated with us. We are not responsible for examining or evaluating the content or accuracy and we do not warrant and will not have any liability or responsibility for any third-party materials or websites, or for any other materials, products, or services of third-parties.\nWe are not liable for any harm or damages related to the purchase or use of goods, services, resources, content, or any other transactions made in connection with any third-party websites. Please review carefully the third-party's policies and practices and make sure you understand them before you engage in any transaction. Complaints, claims, concerns, or questions regarding third-party products should be directed to the third-party.<br>\n\nSECTION 9 - USER COMMENTS, FEEDBACK AND OTHER SUBMISSIONS<br>\n\nIf, at our request, you send certain specific submissions (for example contest entries) or without a request from us you send creative ideas, suggestions, proposals, plans, or other materials, whether online, by email, by postal mail, or otherwise (collectively, 'comments'), you agree that we may, at any time, without restriction, edit, copy, publish, distribute, translate and otherwise use in any medium any comments that you forward to us. We are and shall be under no obligation (1) to maintain any comments in confidence; (2) to pay compensation for any comments; or (3) to respond to any comments.\nWe may, but have no obligation to, monitor, edit or remove content that we determine in our sole discretion are unlawful, offensive, threatening, libelous, defamatory, pornographic, obscene or otherwise objectionable or violates any party’s intellectual property or these Terms of Service.\nYou agree that your comments will not violate any right of any third-party, including copyright, trademark, privacy, personality or other personal or proprietary right. You further agree that your comments will not contain libelous or otherwise unlawful, abusive or obscene material, or contain any computer virus or other malware that could in any way affect the operation of the Service or any related website. You may not use a false e‑mail address, pretend to be someone other than yourself, or otherwise mislead us or third-parties as to the origin of any comments. You are solely responsible for any comments you make and their accuracy. We take no responsibility and assume no liability for any comments posted by you or any third-party.<br>\n\nSECTION 10 - PERSONAL INFORMATION<br>\n\nYour submission of personal information through the store is governed by our Privacy Policy. To view our Privacy Policy.<br>\n\nSECTION 11 - ERRORS, INACCURACIES AND OMISSIONS<br>\n\nOccasionally there may be information on our site or in the Service that contains typographical errors, inaccuracies or omissions that may relate to product descriptions, pricing, promotions, offers, product shipping charges, transit times and availability. We reserve the right to correct any errors, inaccuracies or omissions, and to change or update information or cancel orders if any information in the Service or on any related website is inaccurate at any time without prior notice (including after you have submitted your order).\nWe undertake no obligation to update, amend or clarify information in the Service or on any related website, including without limitation, pricing information, except as required by law. No specified update or refresh date applied in the Service or on any related website, should be taken to indicate that all information in the Service or on any related website has been modified or updated.<br>\n<br>\nSECTION 12 - PROHIBITED USES<br>\n\nIn addition to other prohibitions as set forth in the Terms of Service, you are prohibited from using the site or its content: (a) for any unlawful purpose; (b) to solicit others to perform or participate in any unlawful acts; (c) to violate any international, federal, provincial or state regulations, rules, laws, or local ordinances; (d) to infringe upon or violate our intellectual property rights or the intellectual property rights of others; (e) to harass, abuse, insult, harm, defame, slander, disparage, intimidate, or discriminate based on gender, sexual orientation, religion, ethnicity, race, age, national origin, or disability; (f) to submit false or misleading information; (g) to upload or transmit viruses or any other type of malicious code that will or may be used in any way that will affect the functionality or operation of the Service or of any related website, other websites, or the Internet; (h) to collect or track the personal information of others; (i) to spam, phish, pharm, pretext, spider, crawl, or scrape; (j) for any obscene or immoral purpose; or (k) to interfere with or circumvent the security features of the Service or any related website, other websites, or the Internet. We reserve the right to terminate your use of the Service or any related website for violating any of the prohibited uses.<br>\n\nSECTION 13 - DISCLAIMER OF WARRANTIES; LIMITATION OF LIABILITY<br>\n\nWe do not guarantee, represent or warrant that your use of our service will be uninterrupted, timely, secure or error-free.\nWe do not warrant that the results that may be obtained from the use of the service will be accurate or reliable.\nYou agree that from time to time we may remove the service for indefinite periods of time or cancel the service at any time, without notice to you.\nYou expressly agree that your use of, or inability to use, the service is at your sole risk. The service and all products and services delivered to you through the service are (except as expressly stated by us) provided 'as is' and 'as available' for your use, without any representation, warranties or conditions of any kind, either express or implied, including all implied warranties or conditions of merchantability, merchantable quality, fitness for a particular purpose, durability, title, and non-infringement.\nIn no case shall Goodfair, our directors, officers, employees, affiliates, agents, contractors, interns, suppliers, service providers or licensors be liable for any injury, loss, claim, or any direct, indirect, incidental, punitive, special, or consequential damages of any kind, including, without limitation lost profits, lost revenue, lost savings, loss of data, replacement costs, or any similar damages, whether based in contract, tort (including negligence), strict liability or otherwise, arising from your use of any of the service or any products procured using the service, or for any other claim related in any way to your use of the service or any product, including, but not limited to, any errors or omissions in any content, or any loss or damage of any kind incurred as a result of the use of the service or any content (or product) posted, transmitted, or otherwise made available via the service, even if advised of their possibility. Because some states or jurisdictions do not allow the exclusion or the limitation of liability for consequential or incidental damages, in such states or jurisdictions, our liability shall be limited to the maximum extent permitted by law.<br>\n\nSECTION 14 - INDEMNIFICATION<br>\n\nYou agree to indemnify, defend and hold harmless Goodfair and our parent, subsidiaries, affiliates, partners, officers, directors, agents, contractors, licensors, service providers, subcontractors, suppliers, interns and employees, harmless from any claim or demand, including reasonable attorneys’ fees, made by any third-party due to or arising out of your breach of these Terms of Service or the documents they incorporate by reference, or your violation of any law or the rights of a third-party.<br>\n\nSECTION 15 - SEVERABILITY<br>\n\nIn the event that any provision of these Terms of Service is determined to be unlawful, void or unenforceable, such provision shall nonetheless be enforceable to the fullest extent permitted by applicable law, and the unenforceable portion shall be deemed to be severed from these Terms of Service, such determination shall not affect the validity and enforceability of any other remaining provisions.<br>\n\nSECTION 16 - TERMINATION<br>\n\nThe obligations and liabilities of the parties incurred prior to the termination date shall survive the termination of this agreement for all purposes.\nThese Terms of Service are effective unless and until terminated by either you or us. You may terminate these Terms of Service at any time by notifying us that you no longer wish to use our Services, or when you cease using our site.\nIf in our sole judgment you fail, or we suspect that you have failed, to comply with any term or provision of these Terms of Service, we also may terminate this agreement at any time without notice and you will remain liable for all amounts due up to and including the date of termination; and\/or accordingly may deny you access to our Services (or any part thereof).<br>\n\nSECTION 17 - ENTIRE AGREEMENT<br>\n\nThe failure of us to exercise or enforce any right or provision of these Terms of Service shall not constitute a waiver of such right or provision.\nThese Terms of Service and any policies or operating rules posted by us on this site or in respect to The Service constitutes the entire agreement and understanding between you and us and govern your use of the Service, superseding any prior or contemporaneous agreements, communications and proposals, whether oral or written, between you and us (including, but not limited to, any prior versions of the Terms of Service).\nAny ambiguities in the interpretation of these Terms of Service shall not be construed against the drafting party.<br>\n\nSECTION 18 - GOVERNING LAW<br>\n\nThese Terms of Service and any separate agreements whereby we provide you Services shall be governed by and construed in accordance with the laws of United States.<br>\n\nSECTION 19 - CHANGES TO TERMS OF SERVICE<br>\n\nYou can review the most current version of the Terms of Service at any time at this page.\nWe reserve the right, at our sole discretion, to update, change or replace any part of these Terms of Service by posting updates and changes to our website. It is your responsibility to check our website periodically for changes. Your continued use of or access to our website or the Service following the posting of any changes to these Terms of Service constitutes acceptance of those changes.<br>\n\nSECTION 20 - CONTACT INFORMATION<br>\n\nQuestions about the Terms of Service should be sent to us at support@aleefurnishing.com\n<\/div>","text_alignment":"start","text_style":"text","text_font-weight":"fw-normal","text_color_desktop":"#666666","text_font_size_desktop":14,"margin_desktop":"30px","text_font_size_tablet":16,"margin_tablet":"30px","text_font_size_mobile":16,"margin_mobile":"30px"}}},"block_order":["template--16415183306918__8db80cbb-cca5-4588-aab2-4882c0e44188-text-2","template--16415183306918__8db80cbb-cca5-4588-aab2-4882c0e44188-text-3"],"settings":{"full_with":false,"max_with":"","color_bg":"rgba(0,0,0,0)","padding_block":"","padding_block_m":"","margin_block":"0 0 60px"}}},"order":["breadcrumb","main","8db80cbb-cca5-4588-aab2-4882c0e44188"]}