{"sections":{"breadcrumb":{"type":"breadcrumb-page","settings":{"full_with":true,"max_with":"1800px","margin_block":"","image":"","breadcrumb_title":"","enable_title":"none","breadcrumb_bg":"#f6f6f4","breadcrumb_color_heading":"#323232","breadcrumb_color":"#201f1f","breadcrumb_color_link":"#c3c3c3","breadcrumb-height":"65px","breadcrumb-mheight":"65px","text-align":"start"}},"main":{"type":"main-page","disabled":true,"settings":{"full_with":false,"color_bg":"rgba(0,0,0,0)","padding_block":"","padding_block_m":"","margin_block":"0 0 30px"}},"728471a2-b56e-4f64-ac6a-2656bb4be098":{"type":"about-heading","settings":{"full_with":true,"max_with":"900px","color_bg":"rgba(0,0,0,0)","padding_block":"100px 0","padding_block_m":"60px 0","margin_block":"","heading":"<span class=\"d-block fw-normal\">Hello, We are Outstock.<\/span> With 25+ Years of Experience","sub_heading":"Our History","content":"<p class=\"mb-3 mb-4\"><span style=\"color: #000;\">It is accompanied by a case that can contain up to three different diffusers and can be used for dry storage of loose tea. The perfect way to enjoy brewing tea on low hanging fruit to identify. Lighting is a minimal residence located in Tokyo, Japan, designed by Outstock. Large tiles were arranged on the counter top plate near the window.<\/span><\/p><p class=\"mb-0\">The perfect way to enjoy brewing tea on low hanging fruit to identify. Duis autem vel eum iriure dolor in hendrerit in vulputate velit esse molestie consequat, vel illum dolore eu feugiat nulla facilisis. For me, the most important part of improving at photography has been sharing it. Sign up for an Exposure account, or post regularly to Tumblr, or both. Tell people you’re trying to get better at photography. Talk about it. When you talk about it, other people get excited about it. There are few plugins and apps available for this purpose, many of them required a monthlysubscription or needed to expose the full store data to a third party.<\/p>"}},"eee707d6-dcfc-49a9-b73d-ecf647d3d821":{"type":"five-image","settings":{"full_with":false,"max_with":"","color_bg":"rgba(0,0,0,0)","padding_block":"","padding_block_m":"","margin_block":"","space_between":"3","image1":"shopify:\/\/shop_images\/about-gallery-1.jpg","image1_url":"","image2":"shopify:\/\/shop_images\/about-gallery-2.jpg","image2_url":"","image3":"shopify:\/\/shop_images\/about-gallery-3.jpg","image3_url":"","image4":"shopify:\/\/shop_images\/about-gallery-4.jpg","image4_url":"","image5":"shopify:\/\/shop_images\/about-gallery-5.jpg","image5_url":""}},"1664445181092f0ffc":{"type":"about-service","blocks":{"166444518161cca54b-0":{"type":"item","settings":{"icon":"shopify:\/\/shop_images\/about-icon-1.png","box_title":"25+ Years of Experience","box_desc":"Sed ut perspiciatis unde omnis iste natus error sit accusantium doloremque laudantium, totam rem aperiam, eaque ipsa quae ab illo inventore veritatis."}},"166444518161cca54b-1":{"type":"item","settings":{"icon":"shopify:\/\/shop_images\/about-icon-2.png","box_title":"60,000+ Happy Customer","box_desc":"Sed ut perspiciatis unde omnis iste natus error sit accusantium doloremque laudantium, totam rem aperiam, eaque ipsa quae ab illo inventore veritatis."}},"166444518161cca54b-2":{"type":"item","settings":{"icon":"shopify:\/\/shop_images\/about-icon-3.png","box_title":"Awesome Performance","box_desc":"Sed ut perspiciatis unde omnis iste natus error sit accusantium doloremque laudantium, totam rem aperiam, eaque ipsa quae ab illo inventore veritatis."}},"166444518161cca54b-3":{"type":"item","settings":{"icon":"shopify:\/\/shop_images\/about-icon-4.png","box_title":"Impressive Design","box_desc":"Sed ut perspiciatis unde omnis iste natus error sit accusantium doloremque laudantium, totam rem aperiam, eaque ipsa quae ab illo inventore veritatis."}}},"block_order":["166444518161cca54b-0","166444518161cca54b-1","166444518161cca54b-2","166444518161cca54b-3"],"settings":{"full_with":true,"max_with":"970px","color_bg":"","padding_block":"100px 0","padding_block_m":"60px 0","margin_block":""}},"56fba356-6fef-427b-b242-484150e54657":{"type":"background-parallax","blocks":{"4598ea04-4cb8-4af2-8eb5-13e14c4c8501":{"type":"image","settings":{"image":"shopify:\/\/shop_images\/about-icon-5.png","width":100,"margin":""}},"e86cfc51-bfd9-4c2d-96bb-c5a0c0cc18a1":{"type":"text","settings":{"text":"All Orders Are Free Shipping","text_style":"h3","text_color_desktop":"#ffffff","text_font_size_desktop":48,"margin_desktop":"15px 0 40px","text_color_tablet":"#ffffff","text_font_size_tablet":40,"margin_tablet":"15px 0 30px","text_color_mobile":"#ffffff","text_font_size_mobile":30,"margin_mobile":"15px 0 25px"}},"b93471c3-155c-4642-a5fe-4a951e138967":{"type":"text","settings":{"text":"<div class=\"d-inline-block mx-auto\" style=\"max-width: 970px;\">Donec vehicula cursus vestibulum lectus, sit eros integer varius cum turpis et quam congue accumsan ac bibendum ac in erat. Donec posuere consectetuer volutpat rutrum ac sollicitudin quam quisque at interdum dignissim fringilla elit risus lorem condimentum eros mollis. <\/div>","text_style":"text","text_color_desktop":"#ffffff","text_font_size_desktop":16,"margin_desktop":"","text_color_tablet":"#ffffff","text_font_size_tablet":15,"margin_tablet":"","text_color_mobile":"#ffffff","text_font_size_mobile":14,"margin_mobile":""}}},"block_order":["4598ea04-4cb8-4af2-8eb5-13e14c4c8501","e86cfc51-bfd9-4c2d-96bb-c5a0c0cc18a1","b93471c3-155c-4642-a5fe-4a951e138967"],"settings":{"full_with":false,"max_with":"","color_bg":"rgba(0,0,0,0)","padding_block":"100px 0","padding_block_m":"60px 0","margin_block":"","image_bg":"shopify:\/\/shop_images\/about6.jpg","text_align":"center"}},"16555727787b67d276":{"type":"our-teams","blocks":{"f0b4bf4d-03a4-431c-bacd-047eea4c1468":{"type":"item","settings":{"image":"shopify:\/\/shop_images\/team2.jpg","title":"John Doe","position":"CEO & Founder","desc":"Sed ut perspiciatis unde omnis iste natuserrorsitaccusantium doloremque laudan.","fa_link":"","tw_link":"#","in_link":"#","instagram_link":"#","tiktok_link":"#"}},"b6e8a4d1-6426-4627-915f-569664523a3d":{"type":"item","settings":{"image":"shopify:\/\/shop_images\/team1.jpg","title":"Robin Jordan","position":"CEO & Founder","desc":"Sed ut perspiciatis unde omnis iste natuserrorsitaccusantium doloremque laudan.","fa_link":"#","tw_link":"#","in_link":"","instagram_link":"#","tiktok_link":"#"}},"5adc6fc1-c54c-4df7-9605-87d4d9dbe2a5":{"type":"item","settings":{"image":"shopify:\/\/shop_images\/team3.jpg","title":"Hannah Gibson","position":"CEO & Founder","desc":"Sed ut perspiciatis unde omnis iste natuserrorsitaccusantium doloremque laudan.","fa_link":"#","tw_link":"#","in_link":"#","instagram_link":"","tiktok_link":"#"}}},"block_order":["f0b4bf4d-03a4-431c-bacd-047eea4c1468","b6e8a4d1-6426-4627-915f-569664523a3d","5adc6fc1-c54c-4df7-9605-87d4d9dbe2a5"],"settings":{"full_with":false,"color_bg":"rgba(0,0,0,0)","padding_block":"100px 0","padding_block_m":"60px","margin_block":"","heading":"","sub_heading":"","image_ratio":"square","crop":true,"layout_style":"grid","text_align":"center","slide_enable":false,"navigation":false,"infinite":false,"autoplay":false,"autoplay_speed":"10000","column1":3,"column2":2,"column3":2,"column4":1}}},"order":["breadcrumb","main","728471a2-b56e-4f64-ac6a-2656bb4be098","eee707d6-dcfc-49a9-b73d-ecf647d3d821","1664445181092f0ffc","56fba356-6fef-427b-b242-484150e54657","16555727787b67d276"]}