{"sections":{"breadcrumb":{"type":"breadcrumb-page","settings":{"full_with":true,"max_with":"1800px","margin_block":"0 0 30px","breadcrumb_title":"","enable_title":"none","breadcrumb_bg":"#f6f6f4","breadcrumb_color_heading":"#323232","breadcrumb_color":"#201f1f","breadcrumb_color_link":"#c3c3c3","breadcrumb-height":"65px","breadcrumb-mheight":"65px","text-align":"start"}},"main":{"type":"main-page","disabled":true,"settings":{"full_with":false,"max_with":"","color_bg":"rgba(0,0,0,0)","padding_block":"","padding_block_m":"","margin_block":"0 0 30px"}},"8db80cbb-cca5-4588-aab2-4882c0e44188":{"type":"heading","blocks":{"template--16415183306918__8db80cbb-cca5-4588-aab2-4882c0e44188-text-2":{"type":"text","settings":{"title_style":"default","text":"Versatile","text_alignment":"center","text_style":"ff-heading","text_font-weight":"fw-normal","text_color_desktop":"#000000","text_font_size_desktop":36,"margin_desktop":"","text_font_size_tablet":16,"margin_tablet":"","text_font_size_mobile":16,"margin_mobile":""}}},"block_order":["template--16415183306918__8db80cbb-cca5-4588-aab2-4882c0e44188-text-2"],"settings":{"full_with":false,"max_with":"","color_bg":"rgba(0,0,0,0)","padding_block":"","padding_block_m":"","margin_block":"0 0 60px"}},"image_list_PBT7f4":{"type":"image-list","blocks":{"image_DVwXf8":{"type":"image","settings":{"width":"col-12","image":"shopify:\/\/shop_images\/banner-22.jpg","link":""}}},"block_order":["image_DVwXf8"],"settings":{"full_with":false,"max_with":"","color_bg":"rgba(0,0,0,0)","padding_block":"","padding_block_m":"","margin_block":"0 0 30px","image_ratio":"adapt","crop":false,"effect":"effectOne","space_between":"4"}},"about_heading_kpxPxW":{"type":"about-heading","settings":{"full_with":false,"max_with":"","color_bg":"rgba(0,0,0,0)","padding_block":"","padding_block_m":"","margin_block":"","heading":"","sub_heading":"","content":"<div style=\"text-align:justify;\">\n<span style=\"font-weight: 400;\">Maximize your space and functionality with our versatile table and cabinet sale this Juneteenth! <\/span>\n\n<span style=\"font-weight: 400;\">Get the perfect furniture to organize your home and add a touch of style to any room.<\/span>\n\n<span style=\"font-weight: 400;\">From now until June 20th, we're offering discounts of up to 25% on a wide selection of <\/span><span style=\"font-weight: 400;\">versatile tables and cabinets<\/span><span style=\"font-weight: 400;\">, and special, free shipping for customers in the Cali area.  <\/span>\n\n<span style=\"font-weight: 400;\">Whether you're looking for a compact entryway table, a versatile bookshelf, or a stylish living room accent piece, we have something for everyone.<\/span>\n\n<span style=\"font-weight: 400;\">With our multipurpose tables and shelves, you can:<\/span>\n<ul>\n \t<li style=\"font-weight: 400;\" aria-level=\"1\"><span style=\"font-weight: 400;\">Organize your belongings and keep your home clutter-free<\/span><\/li>\n \t<li style=\"font-weight: 400;\" aria-level=\"1\"><span style=\"font-weight: 400;\">Create additional storage space in any room<\/span><\/li>\n \t<li style=\"font-weight: 400;\" aria-level=\"1\"><span style=\"font-weight: 400;\">Add a touch of style to your décor<\/span><\/li>\n \t<li style=\"font-weight: 400;\" aria-level=\"1\"><span style=\"font-weight: 400;\">Use them in a variety of ways to suit your needs.<\/span><\/li>\n<\/ul>\n<span style=\"font-weight: 400;\">Don't miss out on this amazing opportunity to save big on multipurpose tables and cabinets! <\/span>\n\n<span style=\"font-weight: 400;\">Shop our sale today and find the perfect furniture to add functionality and style to your home.<\/span>\n<\/div>"}},"product_list_3XUcNi":{"type":"product-list","settings":{"full_with":false,"max_with":"","color_bg":"rgba(0,0,0,0)","padding_block":"","padding_block_m":"","margin_block":"20px 0 20px","heading":"Product List","sub_heading":"","collection_handle":"versatile","limit":4,"product_style":"style3","space_between":"4","button_text":"","slide_enable":false,"navigation":true,"pagination":false,"infinite":true,"autoplay":false,"autoplay_speed":"10000","column1":4,"column2":3,"column3":2,"column4":2}}},"order":["breadcrumb","main","8db80cbb-cca5-4588-aab2-4882c0e44188","image_list_PBT7f4","about_heading_kpxPxW","product_list_3XUcNi"]}