{"sections":{"breadcrumb":{"type":"breadcrumb-page","settings":{"full_with":true,"max_with":"1800px","margin_block":"0 0 30px","breadcrumb_title":"","enable_title":"none","breadcrumb_bg":"#f6f6f4","breadcrumb_color_heading":"#323232","breadcrumb_color":"#201f1f","breadcrumb_color_link":"#c3c3c3","breadcrumb-height":"65px","breadcrumb-mheight":"65px","text-align":"start"}},"main":{"type":"main-page","disabled":true,"settings":{"full_with":false,"max_with":"","color_bg":"rgba(0,0,0,0)","padding_block":"","padding_block_m":"","margin_block":"0 0 30px"}},"670a424f-64ec-47bc-a865-e39afce31f25":{"type":"our-teams","blocks":{"c41ef82b-19c5-46aa-bcc9-211280f9cfa5":{"type":"item","settings":{"image":"shopify:\/\/shop_images\/Rectangle-618.jpg","title":"Kelly Wearstler","position":"DESIGNER","desc":"Bemet nisl suscipit adipiscing. Amet cursus sit amet dictum.","fa_link":"#","tw_link":"#","in_link":"#","instagram_link":"#","tiktok_link":"#"}},"ddb7f625-e207-472c-9e24-1888ce4169b6":{"type":"item","settings":{"image":"shopify:\/\/shop_images\/Rectangle-618-4.jpg","title":"Philippe Starck","position":"DESIGNER","desc":"Bemet nisl suscipit adipiscing. Amet cursus sit amet dictum.","fa_link":"#","tw_link":"#","in_link":"#","instagram_link":"#","tiktok_link":"#"}},"a70dea51-6dfb-4304-aa49-e74dd3cd416d":{"type":"item","settings":{"image":"shopify:\/\/shop_images\/Rectangle-618-2.jpg","title":"Irina Mikailova","position":"DESIGNER","desc":"Bemet nisl suscipit adipiscing. Amet cursus sit amet dictum.","fa_link":"#","tw_link":"#","in_link":"#","instagram_link":"#","tiktok_link":"#"}},"23d04172-62ca-485b-ac92-2e3791d82f6e":{"type":"item","settings":{"image":"shopify:\/\/shop_images\/Rectangle-618-2.jpg","title":"Patricia Urquiola","position":"DESIGNER","desc":"Bemet nisl suscipit adipiscing. Amet cursus sit amet dictum.","fa_link":"#","tw_link":"#","in_link":"#","instagram_link":"#","tiktok_link":"#"}},"d982da52-bc2d-45f8-a389-e85f3e5f641f":{"type":"item","settings":{"image":"shopify:\/\/shop_images\/Rectangle-618-4.jpg","title":"Marcel Wanders","position":"DESIGNER","desc":"Bemet nisl suscipit adipiscing. Amet cursus sit amet dictum.","fa_link":"#","tw_link":"#","in_link":"#","instagram_link":"#","tiktok_link":"#"}},"31945ac9-7785-49f0-8082-b257d4958939":{"type":"item","settings":{"image":"shopify:\/\/shop_images\/Rectangle-618.jpg","title":"Karim Rashid","position":"DESIGNER","desc":"Bemet nisl suscipit adipiscing. Amet cursus sit amet dictum.","fa_link":"#","tw_link":"#","in_link":"#","instagram_link":"#","tiktok_link":"#"}}},"block_order":["c41ef82b-19c5-46aa-bcc9-211280f9cfa5","ddb7f625-e207-472c-9e24-1888ce4169b6","a70dea51-6dfb-4304-aa49-e74dd3cd416d","23d04172-62ca-485b-ac92-2e3791d82f6e","d982da52-bc2d-45f8-a389-e85f3e5f641f","31945ac9-7785-49f0-8082-b257d4958939"],"settings":{"full_with":false,"color_bg":"rgba(0,0,0,0)","padding_block":"90px 0","padding_block_m":"60px 0","margin_block":"","heading":"","sub_heading":"","image_ratio":"adapt","crop":false,"layout_style":"grid","text_align":"center","slide_enable":false,"navigation":true,"infinite":true,"autoplay":false,"autoplay_speed":"10000","column1":3,"column2":3,"column3":2,"column4":1}}},"order":["breadcrumb","main","670a424f-64ec-47bc-a865-e39afce31f25"]}