{"sections":{"breadcrumb":{"type":"breadcrumb-page","settings":{"full_with":true,"max_with":"1800px","margin_block":"0 auto 60px","breadcrumb_title":"","enable_title":"none","breadcrumb_bg":"#f6f6f4","breadcrumb_color_heading":"#323232","breadcrumb_color":"#201f1f","breadcrumb_color_link":"#c3c3c3","breadcrumb-height":"65px","breadcrumb-mheight":"65px","text-align":"start"}},"main":{"type":"main-page","disabled":true,"settings":{"full_with":false,"max_with":"","color_bg":"rgba(0,0,0,0)","padding_block":"","padding_block_m":"","margin_block":"0 0 30px"}},"698fea3b-3db5-479e-add7-3e9af179a2b3":{"type":"heading","blocks":{"template--15581656875055__698fea3b-3db5-479e-add7-3e9af179a2b3-16808574610c82fde1-0":{"type":"text","settings":{"title_style":"default","text":"About us","text_alignment":"center","text_style":"ff-special","text_font-weight":"fw-normal","text_color_desktop":"#814e46","text_font_size_desktop":32,"margin_desktop":"0 0 20px","text_font_size_tablet":29,"margin_tablet":"0 0 15px","text_font_size_mobile":28,"margin_mobile":"0 0 10px"}},"template--15581656875055__698fea3b-3db5-479e-add7-3e9af179a2b3-16808574610c82fde1-1":{"type":"text","settings":{"title_style":"default","text":"<div class=\"mx-auto\" style=\"max-width: 870px; line-height: 44px;\">Aleefurnishing is the easiest way to create a beautiful modern space. <\/div>","text_alignment":"center","text_style":"ff-heading","text_font-weight":"fw-medium","text_color_desktop":"#222222","text_font_size_desktop":36,"margin_desktop":"","text_font_size_tablet":32,"margin_tablet":"","text_font_size_mobile":30,"margin_mobile":""}}},"block_order":["template--15581656875055__698fea3b-3db5-479e-add7-3e9af179a2b3-16808574610c82fde1-0","template--15581656875055__698fea3b-3db5-479e-add7-3e9af179a2b3-16808574610c82fde1-1"],"settings":{"full_with":false,"max_with":"","color_bg":"rgba(0,0,0,0)","padding_block":"30px 0 90px","padding_block_m":"0 0 60px","margin_block":""}},"16266097795e2c2841":{"type":"image-with-text","blocks":{"54fe1361-e274-4064-8012-4d009c700f20":{"type":"text","settings":{"text":"","text_style":"h3","text_font-weight":"fw-medium","text_color_desktop":"#000000","text_font_size_desktop":40,"margin_desktop":"0 0 20px","text_color_tablet":"#000000","text_font_size_tablet":36,"margin_tablet":"0 0 10px","text_color_mobile":"#000000","text_font_size_mobile":30,"margin_mobile":"0 0 10px"}},"d625e548-696b-40ce-8646-3de57ab47b77":{"type":"text","settings":{"text":"Alee Furnishing is a wholesale trading and dropship retailer. We specialize in outdoor, indoor furniture, garden, kitchenware, tableware, décor, pet products. In 2021, Alee Furnishing started to do dropship program in US with 3 warehouses in California and over 30,000 sqf warehouse in Vietnam with full range of ready-to-ship products. By that year, Alee Furnishing also expanded business into becoming reliable sourcing agent for our business partners and quality control for furniture, gardens, planters, storages and decor in Vietnam. With experienced team in term of managing, quality control and high-capacity suppliers, we served and exported for more than 100 containers each year for wholesales customers. Planning to expand our wholesales network.","text_style":"text","text_font-weight":"fw-normal","text_color_desktop":"#37454e","text_font_size_desktop":16,"margin_desktop":"0 0 30px","text_color_tablet":"#37454e","text_font_size_tablet":15,"margin_tablet":"0 0 25px","text_color_mobile":"#37454e","text_font_size_mobile":14,"margin_mobile":"0 0 25px"}},"2c7098c5-b5a9-4114-80ed-ed5b88b16d02":{"type":"button","disabled":true,"settings":{"button":"View More","link":"","button_font_size":16,"button_padding":"12px 40px","margin":"","button_color":"#222222","button_border-width":1,"button_color_border":"#000000","button_color_bg":"#ffffff","button_color_hover":"#ffffff","button_color_border_hover":"#814e46","button_color_bg_hover":"#814e46","button_font_size_mobile":15,"button_padding_mobile":"8px 20px"}}},"block_order":["54fe1361-e274-4064-8012-4d009c700f20","d625e548-696b-40ce-8646-3de57ab47b77","2c7098c5-b5a9-4114-80ed-ed5b88b16d02"],"custom_css":[],"settings":{"full_with":true,"max_with":"1700px","color_bg":"rgba(0,0,0,0)","bg_align":"center","padding_block":"30px 0 120px","padding_block_m":"0px 0 60px","margin_block":"","space_between":"4","banner_size":6,"banner_size_ipad":12,"banner_size_mobile":12,"banner_position":"right","text_align":"left","banner_mobile":"false","banner":"shopify:\/\/shop_images\/0eb334_a4bba98204f94ff7a0713bca96ba3eae_mv2.jpg","banner_url":"","padding_content":"0 0 0 10%","padding_content_m":"","content_color_bg":"rgba(0,0,0,0)"}},"0b57577c-0fce-47af-9d81-92de6f0d26f8":{"type":"image-with-text","blocks":{"template--15581656875055__0b57577c-0fce-47af-9d81-92de6f0d26f8-1680864332b5b4d41c-0":{"type":"text","settings":{"text":"Vision","text_style":"ff-heading","text_font-weight":"fw-medium","text_color_desktop":"#000000","text_font_size_desktop":40,"margin_desktop":"0 0 20px","text_color_tablet":"#000000","text_font_size_tablet":36,"margin_tablet":"0 0 10px","text_color_mobile":"#000000","text_font_size_mobile":30,"margin_mobile":"0 0 10px"}},"e02ccd70-0f6b-4e57-a268-12e1bdd208cf":{"type":"text","settings":{"text":"To be trustworthy international hardlines dropship retailer, sourcing agent and distributor offering innovative, superior quality, numerous products at reasonable price","text_style":"text","text_font-weight":"fw-normal","text_color_desktop":"#000000","text_font_size_desktop":16,"margin_desktop":"0 0 30px","text_color_tablet":"#000000","text_font_size_tablet":16,"margin_tablet":"0 0 25px","text_color_mobile":"#000000","text_font_size_mobile":16,"margin_mobile":"0 0 25px"}},"template--15581656875055__0b57577c-0fce-47af-9d81-92de6f0d26f8-1680864332b5b4d41c-1":{"type":"button","disabled":true,"settings":{"button":"View More","link":"","button_font_size":16,"button_padding":"10px 40px","margin":"","button_color":"#000000","button_border-width":1,"button_color_border":"#000000","button_color_bg":"#ffffff","button_color_hover":"#ffffff","button_color_border_hover":"#814e46","button_color_bg_hover":"#814e46","button_font_size_mobile":14,"button_padding_mobile":"8px 20px"}}},"block_order":["template--15581656875055__0b57577c-0fce-47af-9d81-92de6f0d26f8-1680864332b5b4d41c-0","e02ccd70-0f6b-4e57-a268-12e1bdd208cf","template--15581656875055__0b57577c-0fce-47af-9d81-92de6f0d26f8-1680864332b5b4d41c-1"],"settings":{"full_with":true,"max_with":"1700px","color_bg":"rgba(0,0,0,0)","bg_align":"center","padding_block":"30px 0 120px","padding_block_m":"","margin_block":"","space_between":"4","banner_size":6,"banner_size_ipad":6,"banner_size_mobile":12,"banner_position":"left","text_align":"start","banner_mobile":"always","banner":"shopify:\/\/shop_images\/0eb334_f8fec094c2a44be8a8999a90e3a4b49d_mv2.png","banner_url":"","padding_content":"0 0 0 10%","padding_content_m":"","content_color_bg":"rgba(0,0,0,0)"}},"7588b0f8-6e01-4c00-b757-d2b48b426c77":{"type":"image-with-text","blocks":{"4d38cd62-f0e7-4ffa-9150-7aeeb12a3cd2":{"type":"text","settings":{"text":"Mission","text_style":"ff-heading","text_font-weight":"fw-medium","text_color_desktop":"#000000","text_font_size_desktop":40,"margin_desktop":"0 0 20px","text_color_tablet":"#000000","text_font_size_tablet":36,"margin_tablet":"0 0 10px","text_color_mobile":"#000000","text_font_size_mobile":30,"margin_mobile":"0 0 10px"}},"f19d58b0-f0bb-464f-8465-84d7579a43f1":{"type":"text","settings":{"text":"Our mission is to provide customers the Value through Reliability and Flexibility. We create a group volume advantage and commit to our global responsibility of environmental care by making products that meet the standard of sustainability","text_style":"text","text_font-weight":"fw-normal","text_color_desktop":"#000000","text_font_size_desktop":16,"margin_desktop":"0 0 30px","text_color_tablet":"#000000","text_font_size_tablet":16,"margin_tablet":"0 0 25px","text_color_mobile":"#000000","text_font_size_mobile":16,"margin_mobile":"0 0 25px"}},"a106ac9a-f032-45d7-b379-3f4301253f6d":{"type":"button","disabled":true,"settings":{"button":"View More","link":"","button_font_size":16,"button_padding":"10px 40px","margin":"","button_color":"#000000","button_border-width":1,"button_color_border":"#000000","button_color_bg":"#ffffff","button_color_hover":"#ffffff","button_color_border_hover":"#814e46","button_color_bg_hover":"#814e46","button_font_size_mobile":14,"button_padding_mobile":"8px 20px"}}},"block_order":["4d38cd62-f0e7-4ffa-9150-7aeeb12a3cd2","f19d58b0-f0bb-464f-8465-84d7579a43f1","a106ac9a-f032-45d7-b379-3f4301253f6d"],"settings":{"full_with":true,"max_with":"1700px","color_bg":"rgba(0,0,0,0)","bg_align":"center","padding_block":"30px 0 120px","padding_block_m":"","margin_block":"","space_between":"4","banner_size":6,"banner_size_ipad":6,"banner_size_mobile":12,"banner_position":"right","text_align":"start","banner_mobile":"always","banner":"shopify:\/\/shop_images\/0eb334_ef1fdd22e7784ced9d1db3034b55fc7f_mv2.jpg","banner_url":"","padding_content":"0 0 0 10%","padding_content_m":"","content_color_bg":"rgba(0,0,0,0)"}},"d5c7bfc6-d953-4141-8147-74b5a714de6a":{"type":"image-with-text","blocks":{"d573677f-d149-405e-a6d6-d7e36e51c81b":{"type":"text","settings":{"text":"Company Overview","text_style":"ff-heading","text_font-weight":"fw-medium","text_color_desktop":"#000000","text_font_size_desktop":40,"margin_desktop":"0 0 20px","text_color_tablet":"#000000","text_font_size_tablet":36,"margin_tablet":"0 0 10px","text_color_mobile":"#000000","text_font_size_mobile":30,"margin_mobile":"0 0 10px"}},"a6e44e67-c2ca-49d3-94d6-840d32fd1613":{"type":"text","settings":{"text":"<div>\n<p>\nI.Having partners with numerous sourcing suppliers located in the South of Vietnam where we could offer a wide range of products including outdoor, indoor furniture, garden, kitchen ware, table ware, décor and pet products\n<\/p>\n<p>\nII.Our warehouse in Vietnam with 30,000 square foot to storage that we could provide many available items including furniture and pottery\n<\/p>\n<p>\nIII.To ensure the quality of product, we have QC team with 10-year experiences that handling the inspection at every steps. Through quality assurance, QA guarantee the product structure has satisfied the requirement of each market\n<\/p>\n<p>\nIV.We have a team in the US to manage our warehouses and fulfillment service. Focusing on the processing time and always striving to proceed the orders in timely manner\n<\/p>\n<p>\nV.Possessing well-qualified teams with great sourcing and quality controlling skills capable of satisfying customers' needs if they are in search of an agent that can facilitate the expansion of their Vietnamese purchasing network\n<\/p>\n<\/div>","text_style":"text","text_font-weight":"fw-normal","text_color_desktop":"#000000","text_font_size_desktop":16,"margin_desktop":"0 0 30px","text_color_tablet":"#000000","text_font_size_tablet":16,"margin_tablet":"0 0 25px","text_color_mobile":"#000000","text_font_size_mobile":16,"margin_mobile":"0 0 25px"}},"54e907cd-1c50-413a-8ac2-f252978c18a4":{"type":"button","disabled":true,"settings":{"button":"View More","link":"","button_font_size":16,"button_padding":"10px 40px","margin":"","button_color":"#000000","button_border-width":1,"button_color_border":"#000000","button_color_bg":"#ffffff","button_color_hover":"#ffffff","button_color_border_hover":"#814e46","button_color_bg_hover":"#814e46","button_font_size_mobile":14,"button_padding_mobile":"8px 20px"}}},"block_order":["d573677f-d149-405e-a6d6-d7e36e51c81b","a6e44e67-c2ca-49d3-94d6-840d32fd1613","54e907cd-1c50-413a-8ac2-f252978c18a4"],"settings":{"full_with":true,"max_with":"1700px","color_bg":"rgba(0,0,0,0)","bg_align":"center","padding_block":"30px 0 120px","padding_block_m":"","margin_block":"","space_between":"4","banner_size":6,"banner_size_ipad":6,"banner_size_mobile":12,"banner_position":"left","text_align":"start","banner_mobile":"always","banner":"shopify:\/\/shop_images\/0eb334_7936ade1501d4c4a85cfb6d7a543f107_mv2.jpg","banner_url":"","padding_content":"0 0 0 10%","padding_content_m":"","content_color_bg":"rgba(0,0,0,0)"}},"6cac0ffd-5377-4960-86cc-f9499a0caabc":{"type":"image-with-text","blocks":{"8ab19d41-242e-4238-8042-4cb042066171":{"type":"text","settings":{"text":"Our Goals And Objectives","text_style":"ff-heading","text_font-weight":"fw-medium","text_color_desktop":"#000000","text_font_size_desktop":40,"margin_desktop":"0 0 20px","text_color_tablet":"#000000","text_font_size_tablet":36,"margin_tablet":"0 0 10px","text_color_mobile":"#000000","text_font_size_mobile":30,"margin_mobile":"0 0 10px"}},"ca6d1639-694f-4589-b477-0c9e7e713ad3":{"type":"text","settings":{"text":"<div>\n<p>\n<b>I.Focus On Quality<\/b><br>\nWe emphasize on our products quality which requires diligence and dedication\n<\/p>\n<p>\n<b>II.Build Relationships<\/b><br>\nWe strive to grow relationships with our customers.\n<\/p>\n<p>\n<b>III.Value For Money<\/b><br>\nWe offer a wide range of well-designed, functional products at reasonable prices\n<\/p>\n<p>\n<b>IV.Satisfy Customers’ Needs<\/b><br>\nWe pay attention to our customers in meeting their preferences and specifications\n<\/p>\n<\/div>","text_style":"text","text_font-weight":"fw-normal","text_color_desktop":"#000000","text_font_size_desktop":16,"margin_desktop":"0 0 30px","text_color_tablet":"#000000","text_font_size_tablet":16,"margin_tablet":"0 0 25px","text_color_mobile":"#000000","text_font_size_mobile":16,"margin_mobile":"0 0 25px"}},"45b67005-7242-4538-b63c-5be77c687c2f":{"type":"button","disabled":true,"settings":{"button":"View More","link":"","button_font_size":16,"button_padding":"10px 40px","margin":"","button_color":"#000000","button_border-width":1,"button_color_border":"#000000","button_color_bg":"#ffffff","button_color_hover":"#ffffff","button_color_border_hover":"#814e46","button_color_bg_hover":"#814e46","button_font_size_mobile":14,"button_padding_mobile":"8px 20px"}}},"block_order":["8ab19d41-242e-4238-8042-4cb042066171","ca6d1639-694f-4589-b477-0c9e7e713ad3","45b67005-7242-4538-b63c-5be77c687c2f"],"settings":{"full_with":true,"max_with":"1700px","color_bg":"rgba(0,0,0,0)","bg_align":"center","padding_block":"30px 0 120px","padding_block_m":"","margin_block":"","space_between":"4","banner_size":6,"banner_size_ipad":6,"banner_size_mobile":12,"banner_position":"right","text_align":"start","banner_mobile":"always","banner":"shopify:\/\/shop_images\/0eb334_def8b2c526c14e50818cfec7d30eea34_mv2.png","banner_url":"","padding_content":"0 0 0 10%","padding_content_m":"","content_color_bg":"rgba(0,0,0,0)"}},"6cca0db8-fb92-475e-9149-90b022669e3b":{"type":"image-with-text","blocks":{"2025cf27-58a1-4f14-88f1-2f874b4a1070":{"type":"text","settings":{"text":"Core Values","text_style":"ff-heading","text_font-weight":"fw-medium","text_color_desktop":"#000000","text_font_size_desktop":40,"margin_desktop":"0 0 20px","text_color_tablet":"#000000","text_font_size_tablet":36,"margin_tablet":"0 0 10px","text_color_mobile":"#000000","text_font_size_mobile":30,"margin_mobile":"0 0 10px"}},"5c9bd613-e006-4134-b89d-6a514ca1632e":{"type":"text","settings":{"text":"<div>\n<p><b>Integrity:<\/b><br> \nThrough accountable behaviors\n<\/p>\n<p>\n<b>Relationships:<\/b><br> \nDrive our business\n<\/p>\n<p>\n<b>Innovative:<\/b><br> \nThinking for new solutions\n<\/p>\n<p>\n<b>Respect:<\/b><br> \nEarned through our actions\n<\/p>\n<\/div>","text_style":"text","text_font-weight":"fw-normal","text_color_desktop":"#000000","text_font_size_desktop":16,"margin_desktop":"0 0 30px","text_color_tablet":"#000000","text_font_size_tablet":16,"margin_tablet":"0 0 25px","text_color_mobile":"#000000","text_font_size_mobile":16,"margin_mobile":"0 0 25px"}},"87f6fe47-2e37-48ea-ba28-eaea40693d36":{"type":"button","disabled":true,"settings":{"button":"View More","link":"","button_font_size":16,"button_padding":"10px 40px","margin":"","button_color":"#000000","button_border-width":1,"button_color_border":"#000000","button_color_bg":"#ffffff","button_color_hover":"#ffffff","button_color_border_hover":"#814e46","button_color_bg_hover":"#814e46","button_font_size_mobile":14,"button_padding_mobile":"8px 20px"}}},"block_order":["2025cf27-58a1-4f14-88f1-2f874b4a1070","5c9bd613-e006-4134-b89d-6a514ca1632e","87f6fe47-2e37-48ea-ba28-eaea40693d36"],"settings":{"full_with":true,"max_with":"1700px","color_bg":"rgba(0,0,0,0)","bg_align":"center","padding_block":"30px 0 120px","padding_block_m":"","margin_block":"","space_between":"4","banner_size":6,"banner_size_ipad":6,"banner_size_mobile":12,"banner_position":"left","text_align":"start","banner_mobile":"always","banner":"shopify:\/\/shop_images\/0eb334_9dcc45e8111043998d50e626203500d7_mv2.png","banner_url":"","padding_content":"0 0 0 10%","padding_content_m":"","content_color_bg":"rgba(0,0,0,0)"}},"10434226-9bb9-4300-88cd-f2ae430b4e12":{"type":"heading","blocks":{"template--15581656875055__10434226-9bb9-4300-88cd-f2ae430b4e12-168091011603762567-1":{"type":"text","settings":{"title_style":"default","text":"<div class=\"mx-auto\" style=\"max-width: 845px;\">“ Ipsum dolor sit amet, consectetur adipiscing elit. Fringilla vel tincidunt ipsum ac. Nam at et id leo pulvinar egestas mi lorem. Adipiscing felis, vel faucibus in. Hendrerit viverra elementum venenatis pellentesque pellentesque ornare “<\/div>","text_alignment":"center","text_style":"ff-heading","text_font-weight":"fw-medium","text_color_desktop":"#222222","text_font_size_desktop":28,"margin_desktop":"0 0 30px","text_font_size_tablet":26,"margin_tablet":"0 0 25px","text_font_size_mobile":24,"margin_mobile":"0 0 15px"}},"template--15581656875055__10434226-9bb9-4300-88cd-f2ae430b4e12-168091011603762567-2":{"type":"text","settings":{"title_style":"default","text":"<div>\n<span class=\"fw-medium\">Bryan Jonhson<\/span> - <span style=\"color: #a4a4a4;\">Operations Officer<\/span>\n<\/div>","text_alignment":"center","text_style":"text","text_font-weight":"fw-normal","text_color_desktop":"#222222","text_font_size_desktop":16,"margin_desktop":"","text_font_size_tablet":15,"margin_tablet":"","text_font_size_mobile":14,"margin_mobile":""}}},"block_order":["template--15581656875055__10434226-9bb9-4300-88cd-f2ae430b4e12-168091011603762567-1","template--15581656875055__10434226-9bb9-4300-88cd-f2ae430b4e12-168091011603762567-2"],"disabled":true,"settings":{"full_with":false,"max_with":"","color_bg":"rgba(0,0,0,0)","padding_block":"120px 0","padding_block_m":"60px 0","margin_block":""}},"5295cfb8-92d7-490f-88fe-de8be4522282":{"type":"lookbook","settings":{"full_with":true,"max_with":"","color_bg":"rgba(0,0,0,0)","padding_block":"","padding_block_m":"","margin_block":"","image":"shopify:\/\/shop_images\/BANNER_1_05_09.jpg"}},"164183282059eae023":{"type":"border","settings":{"full_with":false,"max_with":"","color_bg":"rgba(0,0,0,0)","padding_block":"","padding_block_m":"","margin_block":"0","border_style":"solid","border_width":1,"border_color":"#e5e5e5"}},"dfc3d4de-66f7-45e8-9da3-695ed4b8a303":{"type":"video","blocks":{"template--16415182717094__dfc3d4de-66f7-45e8-9da3-695ed4b8a303-text-1":{"type":"text","settings":{"text_style":"text","text":"Aleefurnishing Introduction","text_color":"#060606","text_size":14,"text_size_m":10,"text_margin":"0 0 30px","text_margin_m":"0 0 30px"}},"template--16415182717094__dfc3d4de-66f7-45e8-9da3-695ed4b8a303-text-2":{"type":"text","disabled":true,"settings":{"text_style":"text","text":"Claritas est etiam processus dynamicus, qui sequitur.","text_color":"#060606","text_size":14,"text_size_m":10,"text_margin":"0 0 30px","text_margin_m":"0 0 30px"}}},"block_order":["template--16415182717094__dfc3d4de-66f7-45e8-9da3-695ed4b8a303-text-1","template--16415182717094__dfc3d4de-66f7-45e8-9da3-695ed4b8a303-text-2"],"disabled":true,"custom_css":[".vela-section .container {width: 80%; height: 60%;}"],"settings":{"full_with":false,"color_bg":"rgba(0,0,0,0)","padding_block":"50px 50px 60px","padding_block_m":"","margin_block":"0 0 60px","video_url":"https:\/\/www.youtube.com\/watch?v=xxHz4xOhC4A&ab_channel=Made4home","description":"","aspect_ratios":"ratio-4x3","show_overlay":false,"overlay_color":"#000000","opacity":50}},"48703595-f4b4-480b-8131-69957444d9b3":{"type":"heading","blocks":{"template--15581656875055__48703595-f4b4-480b-8131-69957444d9b3-16809126216be167a8-1":{"type":"text","disabled":true,"settings":{"title_style":"default","text":"Our Teams","text_alignment":"center","text_style":"ff-heading","text_font-weight":"fw-medium","text_color_desktop":"#222222","text_font_size_desktop":40,"margin_desktop":"0 0 15px","text_font_size_tablet":36,"margin_tablet":"0 0 10px","text_font_size_mobile":30,"margin_mobile":"0 0 10px"}},"template--15581656875055__48703595-f4b4-480b-8131-69957444d9b3-16809126216be167a8-2":{"type":"text","disabled":true,"settings":{"title_style":"default","text":"<div class=\"mx-auto\" style=\"max-width: 840px;\">Duis aute irure dolor in reprehenderit in voluptate velit esse cillum dolore eu fugiat nulla pariatur. Excepteur sint occaecat cupidatat non proident, sunt in culpa qui officia deserunt mollit anim id est laborum.<\/div>","text_alignment":"center","text_style":"text","text_font-weight":"fw-normal","text_color_desktop":"#444444","text_font_size_desktop":16,"margin_desktop":"","text_font_size_tablet":16,"margin_tablet":"","text_font_size_mobile":16,"margin_mobile":""}}},"block_order":["template--15581656875055__48703595-f4b4-480b-8131-69957444d9b3-16809126216be167a8-1","template--15581656875055__48703595-f4b4-480b-8131-69957444d9b3-16809126216be167a8-2"],"disabled":true,"settings":{"full_with":false,"max_with":"","color_bg":"rgba(0,0,0,0)","padding_block":"80px 0 40px","padding_block_m":"60px 0 30px","margin_block":""}}},"order":["breadcrumb","main","698fea3b-3db5-479e-add7-3e9af179a2b3","16266097795e2c2841","0b57577c-0fce-47af-9d81-92de6f0d26f8","7588b0f8-6e01-4c00-b757-d2b48b426c77","d5c7bfc6-d953-4141-8147-74b5a714de6a","6cac0ffd-5377-4960-86cc-f9499a0caabc","6cca0db8-fb92-475e-9149-90b022669e3b","10434226-9bb9-4300-88cd-f2ae430b4e12","5295cfb8-92d7-490f-88fe-de8be4522282","164183282059eae023","dfc3d4de-66f7-45e8-9da3-695ed4b8a303","48703595-f4b4-480b-8131-69957444d9b3"]}