{"sections":{"breadcrumb":{"type":"breadcrumb-page","settings":{"full_with":true,"max_with":"1800px","margin_block":"0 auto 30px","breadcrumb_title":"","enable_title":"none","breadcrumb_bg":"#f6f6f4","breadcrumb_color_heading":"#323232","breadcrumb_color":"#201f1f","breadcrumb_color_link":"#c3c3c3","breadcrumb-height":"65px","breadcrumb-mheight":"65px","text-align":"start"}},"main":{"type":"main-page","disabled":true,"settings":{"full_with":false,"max_with":"","color_bg":"rgba(0,0,0,0)","padding_block":"","padding_block_m":"","margin_block":""}},"e10b10d1-c11b-4f37-9541-b69f93721b4a":{"type":"contact-form1","settings":{"full_with":false,"max_with":"","color_bg":"rgba(0,0,0,0)","padding_block":"40px 0","padding_block_m":"","margin_block":"0 0 60px","contactform_heading":"Contact us","contactform_desc":"","contactinfo_title":"Find us here.","contactinfo_add":"<span class=\"d-block heading-color fw-medium\">Company:<\/span>\nFAIR GARDEN LIMITED LIABILITY COMPANY\n<span class=\"d-block heading-color fw-medium\">Address:<\/span>\n6901 CORPORATE DR STE 107, HOUSTON, TX 77036, USA.","contactinfo_phone":"<span class=\"d-block heading-color fw-medium\">Phone Number:<\/span>(+1) 832 983 0049","contactinfo_email":"<span class=\"d-block heading-color fw-medium\">Email:<\/span>support@aleefurnishing.com","contactinfo_time":"","contactinfo_desc":""}},"d42f6146-8e25-421b-8825-680b10aadb59":{"type":"googlemap","settings":{"full_with":true,"max_with":"","color_bg":"rgba(0,0,0,0)","padding_block":"","padding_block_m":"","margin_block":"","googlemap_iframe":"<iframe src=\"https:\/\/www.google.com\/maps\/embed?pb=!1m18!1m12!1m3!1d3465.537848193487!2d-95.55333208950013!3d29.70417583450975!2m3!1f0!2f0!3f0!3m2!1i1024!2i768!4f13.1!3m3!1m2!1s0x8640c2c585ab499f%3A0x2b4d7aa500103456!2s6901%20Corporate%20Dr%20Suite%20107%2C%20Houston%2C%20TX%2077036%2C%20USA!5e0!3m2!1sen!2s!4v1702459943342!5m2!1sen!2s\" width=\"600\" height=\"450\" style=\"border:0;\" allowfullscreen=\"\" loading=\"lazy\" referrerpolicy=\"no-referrer-when-downgrade\"><\/iframe>","min-height":"590px","min-height-m":"300px"}}},"order":["breadcrumb","main","e10b10d1-c11b-4f37-9541-b69f93721b4a","d42f6146-8e25-421b-8825-680b10aadb59"]}