{"sections":{"breadcrumb":{"type":"breadcrumb-page","settings":{"full_with":true,"max_with":"1800px","margin_block":"0 0 30px","breadcrumb_title":"","enable_title":"none","breadcrumb_bg":"#f6f6f4","breadcrumb_color_heading":"#323232","breadcrumb_color":"#201f1f","breadcrumb_color_link":"#c3c3c3","breadcrumb-height":"65px","breadcrumb-mheight":"65px","text-align":"start"}},"main":{"type":"main-page","disabled":true,"settings":{"full_with":false,"max_with":"","color_bg":"rgba(0,0,0,0)","padding_block":"","padding_block_m":"","margin_block":"0 0 30px"}},"5f539cbe-0024-4cb9-b74b-6af392ed4b93":{"type":"html","settings":{"full_with":false,"max_with":"","color_bg":"rgba(0,0,0,0)","padding_block":"90px 0","padding_block_m":"60px 0","margin_block":"","heading":"","sub_heading":"","content":"<div class=\"vela-pricing row g-3 g-lg-4\">\n    <div class=\"col-12 col-lg-4\">\n        <div class=\"pricing__item text-center border p-5\">\n            <div class=\"py-lg-3\">\n                <div class=\"heading-color mb-2 pb-1\" style=\"font-size: 24px;\">Basic<\/div>\n                <div class=\"heading-color\" style=\"font-size: 52px; line-height: 40px;\">29<sup style=\"font-size: 24px;position: relative;top: -20px;left: 5px;\">$<\/sup>\n<\/div>\n                <div style=\"color: #999;\">Monthly<\/div>\n                <div class=\"my-4 my-lg-5\">\n                    <ul class=\"list-unstyled\" style=\"color: #999; line-height: 32px;\">\n                        <li>Dolor sit amet<\/li>\n                        <li>Tempor incididunt<\/li>\n                        <li>Tempor incididunt<\/li>\n                        <li>Faucibus tincit<\/li>\n                    <\/ul>\n                <\/div>\n                <div class=\"text-center\">\n                    <a href=\"#\" class=\"d-inline-block bg-dark text-white px-5 py-2\" role=\"button\">\n                        <span class=\"d-block px-lg-3 py-lg-1\">Buy Now <svg class=\"ms-1\" width=\"12\" height=\"14\" viewbox=\"0 0 10 11\" fill=\"none\" xmlns=\"http:\/\/www.w3.org\/2000\/svg\"><path d=\"M0.919573 0.030866L0.919574 1.61478L7.25525 1.61478L0.491145 9.17889L1.62252 10.3103L8.38662 2.74615L8.38662 9.08183L9.97054 9.08183L9.97054 0.0308677L0.919573 0.030866Z\" fill=\"currentColor\"><\/path><\/svg><\/span>\n                    <\/a>\n                <\/div>\n            <\/div>\n        <\/div>\n    <\/div>\n    <div class=\"col-12 col-lg-4\">\n        <div class=\"pricing__item text-center border border-dark bg-dark text-white p-5\">\n            <div class=\"py-lg-3\">\n                <div class=\"mb-2 pb-1\" style=\"font-size: 24px;\">Basic<\/div>\n                <div style=\"font-size: 52px; line-height: 40px;\">39<sup style=\"font-size: 24px;position: relative;top: -20px;left: 5px;\">$<\/sup>\n<\/div>\n                <div style=\"color: #999;\">Monthly<\/div>\n                <div class=\"my-4 my-lg-5\">\n                    <ul class=\"list-unstyled\" style=\"color: #999; line-height: 32px;\">\n                        <li>Dolor sit amet<\/li>\n                        <li>Tempor incididunt<\/li>\n                        <li>Tempor incididunt<\/li>\n                        <li>Faucibus tincit<\/li>\n                    <\/ul>\n                <\/div>\n                <div class=\"text-center\">\n                    <a href=\"#\" class=\"d-inline-block bg-white text-dark px-5 py-2\" role=\"button\">\n                        <span class=\"d-block px-lg-3 py-lg-1\">Buy Now <svg class=\"ms-1\" width=\"12\" height=\"14\" viewbox=\"0 0 10 11\" fill=\"none\" xmlns=\"http:\/\/www.w3.org\/2000\/svg\"><path d=\"M0.919573 0.030866L0.919574 1.61478L7.25525 1.61478L0.491145 9.17889L1.62252 10.3103L8.38662 2.74615L8.38662 9.08183L9.97054 9.08183L9.97054 0.0308677L0.919573 0.030866Z\" fill=\"currentColor\"><\/path><\/svg><\/span>\n                    <\/a>\n                <\/div>\n            <\/div>\n        <\/div>\n    <\/div>\n    <div class=\"col-12 col-lg-4\">\n        <div class=\"pricing__item text-center border p-5\">\n            <div class=\"py-lg-3\">\n                <div class=\"heading-color mb-2 pb-1\" style=\"font-size: 24px;\">Basic<\/div>\n                <div class=\"heading-color\" style=\"font-size: 52px; line-height: 40px;\">59<sup style=\"font-size: 24px;position: relative;top: -20px;left: 5px;\">$<\/sup>\n<\/div>\n                <div style=\"color: #999;\">Monthly<\/div>\n                <div class=\"my-4 my-lg-5\">\n                    <ul class=\"list-unstyled\" style=\"color: #999; line-height: 32px;\">\n                        <li>Dolor sit amet<\/li>\n                        <li>Tempor incididunt<\/li>\n                        <li>Tempor incididunt<\/li>\n                        <li>Faucibus tincit<\/li>\n                    <\/ul>\n                <\/div>\n                <div class=\"text-center\">\n                    <a href=\"#\" class=\"d-inline-block bg-dark text-white px-5 py-2\" role=\"button\">\n                        <span class=\"d-block px-lg-3 py-lg-1\">Buy Now <svg class=\"ms-1\" width=\"12\" height=\"14\" viewbox=\"0 0 10 11\" fill=\"none\" xmlns=\"http:\/\/www.w3.org\/2000\/svg\"><path d=\"M0.919573 0.030866L0.919574 1.61478L7.25525 1.61478L0.491145 9.17889L1.62252 10.3103L8.38662 2.74615L8.38662 9.08183L9.97054 9.08183L9.97054 0.0308677L0.919573 0.030866Z\" fill=\"currentColor\"><\/path><\/svg><\/span>\n                    <\/a>\n                <\/div>\n            <\/div>\n        <\/div>\n    <\/div>\n<\/div>"}},"eefe37a9-061a-4e3f-a16d-a315e15469bd":{"type":"logo-list","blocks":{"template--14947365814337__eefe37a9-061a-4e3f-a16d-a315e15469bd-image-1":{"type":"image","settings":{"link":"","image":"shopify:\/\/shop_images\/logo_image1.png"}},"template--14947365814337__eefe37a9-061a-4e3f-a16d-a315e15469bd-image-2":{"type":"image","settings":{"link":"","image":"shopify:\/\/shop_images\/logo_image2.png"}},"template--14947365814337__eefe37a9-061a-4e3f-a16d-a315e15469bd-image-3":{"type":"image","settings":{"link":"","image":"shopify:\/\/shop_images\/logo_image3.png"}},"template--14947365814337__eefe37a9-061a-4e3f-a16d-a315e15469bd-image-4":{"type":"image","settings":{"link":"","image":"shopify:\/\/shop_images\/logo_image4.png"}},"template--14947365814337__eefe37a9-061a-4e3f-a16d-a315e15469bd-image-5":{"type":"image","settings":{"link":"","image":"shopify:\/\/shop_images\/logo_image5.png"}},"template--14947365814337__eefe37a9-061a-4e3f-a16d-a315e15469bd-image-6":{"type":"image","settings":{"link":"","image":"shopify:\/\/shop_images\/logo_image1.png"}}},"block_order":["template--14947365814337__eefe37a9-061a-4e3f-a16d-a315e15469bd-image-1","template--14947365814337__eefe37a9-061a-4e3f-a16d-a315e15469bd-image-2","template--14947365814337__eefe37a9-061a-4e3f-a16d-a315e15469bd-image-3","template--14947365814337__eefe37a9-061a-4e3f-a16d-a315e15469bd-image-4","template--14947365814337__eefe37a9-061a-4e3f-a16d-a315e15469bd-image-5","template--14947365814337__eefe37a9-061a-4e3f-a16d-a315e15469bd-image-6"],"settings":{"full_with":false,"max_with":"","color_bg":"rgba(0,0,0,0)","padding_block":"0 0 90px","padding_block_m":"0 0 60px","margin_block":"","logo_size":"210x100","image_ratio":"adapt","crop":false,"brand-effect":true,"slide_enable":true,"navigation":true,"infinite":true,"autoplay":false,"autoplay_speed":"10000","column1":5,"column2":3,"column3":2,"column4":2}}},"order":["breadcrumb","main","5f539cbe-0024-4cb9-b74b-6af392ed4b93","eefe37a9-061a-4e3f-a16d-a315e15469bd"]}