{"sections":{"breadcrumb":{"type":"breadcrumb-page","settings":{"full_with":true,"max_with":"1800px","margin_block":"","image":"","breadcrumb_title":"","enable_title":"none","breadcrumb_bg":"#f6f6f4","breadcrumb_color_heading":"#323232","breadcrumb_color":"#201f1f","breadcrumb_color_link":"#c3c3c3","breadcrumb-height":"65px","breadcrumb-mheight":"65px","text-align":"start"}},"main":{"type":"main-page","disabled":true,"settings":{"full_with":false,"color_bg":"rgba(0,0,0,0)","padding_block":"","padding_block_m":"","margin_block":""}},"0b196b44-b268-4c1f-bdb4-a54a433a12cf":{"type":"contact-form2","blocks":{"771ab3ed-7281-481e-8816-d7d214bcbbd3":{"type":"contactinfo","settings":{"contactinfo_banner":"shopify:\/\/shop_images\/gallery16.jpg","contactinfo_title":"New York Plaza","contactinfo_desc":"Outstock is a premium Templates theme with advanced admin module","contactinfo_add":"Add: 88 Pine St, New York,\nNY 10005, USA","contactinfo_phone":"Phone Number: +1 987-876-6543","contactinfo_email":"Mail: outstock@gmail.com","contactinfo_time":"Time: Monday - Friday: 8am - 4pm"}},"33d54dbd-9e5e-4019-8e08-54b6d219ea79":{"type":"contactinfo","disabled":true,"settings":{"contactinfo_banner":"shopify:\/\/shop_images\/gallery15.jpg","contactinfo_title":" Chicago Plaza","contactinfo_desc":"Outstock is a premium Templates theme with advanced admin module","contactinfo_add":"Add: 88 Pine St, Chicago, Illinois 10005, USA","contactinfo_phone":"Phone Number: +1 987-876-6543","contactinfo_email":"Mail: outstock@gmail.com","contactinfo_time":"Time: Monday - Friday: 8am - 4pm"}},"3c789dc7-f0b1-40ee-a43f-bbc213c83d98":{"type":"contactinfo","settings":{"contactinfo_banner":"shopify:\/\/shop_images\/gallery14.jpg","contactinfo_title":"Houston Plaza","contactinfo_desc":"Outstock is a premium Templates theme with advanced admin module","contactinfo_add":"Add: 188 Pine St, Houston, Texas 10005, USA","contactinfo_phone":"Phone Number: +1 987-876-6543","contactinfo_email":"Mail: outstock@gmail.com","contactinfo_time":"Time: Monday - Friday: 8am - 4pm"}},"7b8c66ab-91f7-4be9-8348-ef4b73c90e2c":{"type":"contactinfo","settings":{"contactinfo_banner":"shopify:\/\/shop_images\/gallery13.jpg","contactinfo_title":"Phoenix plaza","contactinfo_desc":"Outstock is a premium Templates theme with advanced admin module","contactinfo_add":"Add: 88 Pine St, New York, NY 10005, USA","contactinfo_phone":"Phone Number: +1 987-876-6543","contactinfo_email":"Mail: outstock@gmail.com","contactinfo_time":"Time: Monday - Friday: 8am - 4pm"}}},"block_order":["771ab3ed-7281-481e-8816-d7d214bcbbd3","33d54dbd-9e5e-4019-8e08-54b6d219ea79","3c789dc7-f0b1-40ee-a43f-bbc213c83d98","7b8c66ab-91f7-4be9-8348-ef4b73c90e2c"],"settings":{"full_with":false,"max_with":"","color_bg":"rgba(0,0,0,0)","padding_block":"100px 0","padding_block_m":"60px 0","margin_block":"","contactform_heading":"Contact us","contactform_desc":"Outstock is a premium Templates theme with advanced admin module. It’s extremely customizable, easy to use and fully responsive and retina ready. Vel illum dolore eu feugiat nulla facilisis at vero eros et accumsan et iusto odio dignissim qui blandit praesent luptatum zzril delenit augue duis dolore te feugait nulla facilisi.","googlemap_iframe":"<iframe src=\"https:\/\/www.google.com\/maps\/embed?pb=!1m14!1m8!1m3!1d19867.311686031117!2d-0.111056!3d51.505621!3m2!1i1024!2i768!4f13.1!3m3!1m2!1s0x0%3A0x4291f3172409ea92!2slastminute.com%20London%20Eye!5e0!3m2!1sen!2sus!4v1631783144736!5m2!1sen!2sus\" width=\"100%\" height=\"600px\" style=\"border:0;\" allowfullscreen=\"\" loading=\"lazy\"><\/iframe>","min-height":"550px","min-height-m":"300px"}}},"order":["breadcrumb","main","0b196b44-b268-4c1f-bdb4-a54a433a12cf"]}