{"sections":{"breadcrumb":{"type":"breadcrumb-page","disabled":true,"settings":{"full_with":true,"max_with":"1800px","margin_block":"0 auto 30px","breadcrumb_title":"","enable_title":"none","breadcrumb_bg":"#f6f6f4","breadcrumb_color_heading":"#323232","breadcrumb_color":"#201f1f","breadcrumb_color_link":"#c3c3c3","breadcrumb-height":"65px","breadcrumb-mheight":"65px","text-align":"start"}},"main":{"type":"main-page","disabled":true,"settings":{"full_with":false,"max_with":"","color_bg":"rgba(0,0,0,0)","padding_block":"","padding_block_m":"","margin_block":""}},"d42f6146-8e25-421b-8825-680b10aadb59":{"type":"googlemap","settings":{"full_with":true,"max_with":"","color_bg":"rgba(0,0,0,0)","padding_block":"","padding_block_m":"","margin_block":"","googlemap_iframe":"<iframe src=\"https:\/\/www.google.com\/maps\/embed?pb=!1m18!1m12!1m3!1d3465.537848193487!2d-95.55333208950013!3d29.70417583450975!2m3!1f0!2f0!3f0!3m2!1i1024!2i768!4f13.1!3m3!1m2!1s0x8640c2c585ab499f%3A0x2b4d7aa500103456!2s6901%20Corporate%20Dr%20Suite%20107%2C%20Houston%2C%20TX%2077036%2C%20USA!5e0!3m2!1sen!2s!4v1702458568413!5m2!1sen!2s\" width=\"600\" height=\"450\" style=\"border:0;\" allowfullscreen=\"\" loading=\"lazy\" referrerpolicy=\"no-referrer-when-downgrade\"><\/iframe>","min-height":"600px","min-height-m":"400px"}},"form":{"type":"contact-form","blocks":{"ffcb66e8-c24f-431f-a90d-900f6a238544":{"type":"address","settings":{"title":"The Office","text":"Fifth Avenue 5501,<br>\nBroadway, New York","block_margin":"mb-2"}},"fe1afa7c-9322-486a-9573-d718f1734c65":{"type":"address","settings":{"title":"The Office","text":"Fifth Avenue 5501,<br>\nBroadway, New York","block_margin":"mb-2"}},"35a9c47a-31b7-457a-88f5-9f5a615896d5":{"type":"email","settings":{"title":"Contact Information","text":"info@example.com<br>\nNormamn@example.com","block_margin":"mb-0"}},"1d2702da-ea94-44d6-8053-5930314bb0a9":{"type":"time","settings":{"title":"Our Business Hours","text":"Monday - Friday: 8am - 4pm<br>\nSaturday, Sunday: 9am - 5pm","block_margin":"mb-0"}}},"block_order":["ffcb66e8-c24f-431f-a90d-900f6a238544","fe1afa7c-9322-486a-9573-d718f1734c65","35a9c47a-31b7-457a-88f5-9f5a615896d5","1d2702da-ea94-44d6-8053-5930314bb0a9"],"settings":{"full_with":false,"max_with":"","color_bg":"#ffffff","padding_block":"100px 0","padding_block_m":"60px 0","margin_block":"","contactform_heading":"Leave A Message","contactform_desc":"Use the form below to get in touch with the sales team","contactinfo_title":"We Love to Hear From You","contactinfo_desc":"Outstock is a premium Templates theme with advanced admin module. It’s extremely customizable, easy to use and fully responsive and retina ready. Vel illum dolore eu feugiat nulla facilisis at vero eros et accumsan et iusto odio dignissim qui blandit praesent luptatum zzril delenit augue duis dolore te feugait nulla facilisi."}},"4de007ed-e4f4-4877-b8fb-ae8ee0742970":{"type":"border","settings":{"full_with":false,"max_with":"","color_bg":"rgba(0,0,0,0)","padding_block":"","padding_block_m":"","margin_block":"","border_style":"solid","border_width":1,"border_color":"#e5e5e5"}},"119dcf6c-59ce-49d6-9c27-cc8d8e575020":{"type":"multi-image-with-text","blocks":{"template--15581656907823__119dcf6c-59ce-49d6-9c27-cc8d8e575020-1681175030834e6909-0":{"type":"feature_item","settings":{"width_desk":33,"width_tablet":50,"width_mobile":100,"item_padding":"","item_padding_m":"","text_align":"start","banner_position":"bottom","subtitle":"","heading_subcolor":"#000000","heading_sub_size":12,"heading_sub_size_m":12,"heading_sub_margin":"","heading_sub_margin_m":"","title":"Contact Information","heading_color":"#222222","heading_size":20,"heading_size_m":18,"heading_margin":"","heading_margin_m":"","content":"88 Pine St, New York,<br>\nNY 10005, USA<br>\n+1 987-876-6543<br>\nnormann@info.com<br>","text_color":"#37454e","text_size":16,"text_size_m":14,"text_margin":"","text_margin_m":"","button":"","button_url":"","button_color":"#ffffff","button_border_color":"#000000","button_width":1,"button_bg_color":"#000000","button_size":14,"button_size_m":12,"button_padding":"","button_padding_m":""}},"template--15581656907823__119dcf6c-59ce-49d6-9c27-cc8d8e575020-1681175030834e6909-1":{"type":"feature_item","settings":{"width_desk":33,"width_tablet":50,"width_mobile":100,"item_padding":"","item_padding_m":"","text_align":"start","banner_position":"bottom","subtitle":"","heading_subcolor":"#000000","heading_sub_size":12,"heading_sub_size_m":12,"heading_sub_margin":"","heading_sub_margin_m":"","title":"We Are Here For You","heading_color":"#222222","heading_size":20,"heading_size_m":18,"heading_margin":"","heading_margin_m":"","content":"88 Pine St, New York,<br>\nNY 10005, USA<br>\n+1 987-876-6543<br>\nnormann@info.com<br>","text_color":"#37454e","text_size":16,"text_size_m":14,"text_margin":"","text_margin_m":"","button":"","button_url":"","button_color":"#ffffff","button_border_color":"#000000","button_width":1,"button_bg_color":"#000000","button_size":14,"button_size_m":12,"button_padding":"","button_padding_m":""}},"template--15581656907823__119dcf6c-59ce-49d6-9c27-cc8d8e575020-1681175030834e6909-2":{"type":"feature_item","settings":{"width_desk":33,"width_tablet":50,"width_mobile":100,"item_padding":"","item_padding_m":"","text_align":"start","banner_position":"bottom","subtitle":"","heading_subcolor":"#000000","heading_sub_size":12,"heading_sub_size_m":12,"heading_sub_margin":"","heading_sub_margin_m":"","title":"One New York Plaza","heading_color":"#222222","heading_size":20,"heading_size_m":18,"heading_margin":"","heading_margin_m":"","content":"88 Pine St, New York,<br>\nNY 10005, USA<br>\n+1 987-876-6543<br>\nnormann@info.com<br>","text_color":"#37454e","text_size":16,"text_size_m":14,"text_margin":"","text_margin_m":"","button":"","button_url":"","button_color":"#ffffff","button_border_color":"#000000","button_width":1,"button_bg_color":"#000000","button_size":14,"button_size_m":12,"button_padding":"","button_padding_m":""}}},"block_order":["template--15581656907823__119dcf6c-59ce-49d6-9c27-cc8d8e575020-1681175030834e6909-0","template--15581656907823__119dcf6c-59ce-49d6-9c27-cc8d8e575020-1681175030834e6909-1","template--15581656907823__119dcf6c-59ce-49d6-9c27-cc8d8e575020-1681175030834e6909-2"],"settings":{"full_with":false,"max_with":"","color_bg":"rgba(0,0,0,0)","padding_block":"80px 0","padding_block_m":"60px 0","margin_block":"","space_between":"4"}}},"order":["breadcrumb","main","d42f6146-8e25-421b-8825-680b10aadb59","form","4de007ed-e4f4-4877-b8fb-ae8ee0742970","119dcf6c-59ce-49d6-9c27-cc8d8e575020"]}