{"sections":{"breadcrumb":{"type":"breadcrumb-page","settings":{"full_with":true,"max_with":"1800px","margin_block":"0 0 30px","breadcrumb_title":"","enable_title":"none","breadcrumb_bg":"#f6f6f4","breadcrumb_color_heading":"#323232","breadcrumb_color":"#201f1f","breadcrumb_color_link":"#c3c3c3","breadcrumb-height":"65px","breadcrumb-mheight":"65px","text-align":"start"}},"main":{"type":"main-page","disabled":true,"settings":{"full_with":false,"max_with":"","color_bg":"rgba(0,0,0,0)","padding_block":"","padding_block_m":"","margin_block":"0 0 30px"}},"8db80cbb-cca5-4588-aab2-4882c0e44188":{"type":"heading","blocks":{"template--16415183306918__8db80cbb-cca5-4588-aab2-4882c0e44188-text-2":{"type":"text","settings":{"title_style":"default","text":"Love for Natural","text_alignment":"center","text_style":"ff-heading","text_font-weight":"fw-normal","text_color_desktop":"#000000","text_font_size_desktop":36,"margin_desktop":"","text_font_size_tablet":16,"margin_tablet":"","text_font_size_mobile":16,"margin_mobile":""}}},"block_order":["template--16415183306918__8db80cbb-cca5-4588-aab2-4882c0e44188-text-2"],"settings":{"full_with":false,"max_with":"","color_bg":"rgba(0,0,0,0)","padding_block":"","padding_block_m":"","margin_block":"0 0 60px"}},"image_list_ferN86":{"type":"image-list","blocks":{"image_UnqYzG":{"type":"image","settings":{"width":"col-12","image":"shopify:\/\/shop_images\/banner-11.jpg","link":""}}},"block_order":["image_UnqYzG"],"settings":{"full_with":false,"max_with":"","color_bg":"rgba(0,0,0,0)","padding_block":"","padding_block_m":"","margin_block":"0 0 30px","image_ratio":"adapt","crop":false,"effect":"effectOne","space_between":"4"}},"html_Ut7dBP":{"type":"html","settings":{"full_with":false,"max_with":"","color_bg":"rgba(0,0,0,0)","padding_block":"","padding_block_m":"","margin_block":"0 0 20px","heading":"","sub_heading":"","content":"<div style=\"text-align:justify;\">\n<p class=\"p1\">Bring <span class=\"s1\" style=\"color: #ff0000;\"><b>the love of nature<\/b> <\/span>into your home with our amazing wood bench sale this Juneteenth!<\/p>\n<p class=\"p1\">From now until June 20th, we're offering discounts of up to 40% on a wide selection of wood benches and special free shipping for customers in the Cali area.<\/p>\n<p class=\"p1\">Whether you're looking for a cozy entryway bench, a stylish dining bench, or a functional garden bench, we have something for everyone.<\/p>\n<p class=\"p1\">With our wood benches, you can:<\/p>\n\n<ul class=\"ul1\">\n \t<li class=\"li1\">Add a touch of natural beauty to your home<\/li>\n \t<li class=\"li1\">Create a warm and inviting atmosphere<\/li>\n \t<li class=\"li1\">Provide extra seating for guests<\/li>\n \t<li class=\"li1\">Enjoy the outdoors on your porch or patio<\/li>\n<\/ul>\n<p class=\"p1\">Don't miss out on this amazing opportunity to save big on wood benches!<\/p>\n<p class=\"p1\">Shop our sale today and find the perfect benches to add a touch of nature to your home.<\/p>\n<\/div>"}},"product_list_iJQJ3t":{"type":"product-list","settings":{"full_with":false,"max_with":"","color_bg":"rgba(0,0,0,0)","padding_block":"","padding_block_m":"","margin_block":"0 0 30px","heading":"Product List","sub_heading":"","collection_handle":"love-for-natural","limit":4,"product_style":"style3","space_between":"4","button_text":"","slide_enable":false,"navigation":true,"pagination":false,"infinite":true,"autoplay":false,"autoplay_speed":"10000","column1":4,"column2":4,"column3":2,"column4":2}}},"order":["breadcrumb","main","8db80cbb-cca5-4588-aab2-4882c0e44188","image_list_ferN86","html_Ut7dBP","product_list_iJQJ3t"]}