{"sections":{"breadcrumb":{"type":"breadcrumb-page","settings":{"full_with":true,"max_with":"1800px","breadcrumb_title":"","enable_title":"none","breadcrumb_bg":"#f6f6f4","breadcrumb_color_heading":"#323232","breadcrumb_color":"#201f1f","breadcrumb_color_link":"#c3c3c3","breadcrumb-height":"65px","breadcrumb-mheight":"65px","text-align":"start"}},"main":{"type":"main-page","disabled":true,"settings":{"full_with":false,"color_bg":"rgba(0,0,0,0)","padding_block":"","padding_block_m":"","margin_block":"0 0 30px"}},"164186401234590876":{"type":"multiple-collapse","blocks":{"1641864012047d3973-0":{"type":"collapse","settings":{"title":"What does Shopify do?","content":"Shopify is a user-friendly e-commerce platform that helps small businesses build an online store and sell online through one streamlined dashboard. Shopify merchants can build a modern online store and sell on social media sites, seller marketplaces, other blogs and websites and via email, text and chat"}},"1641864012047d3973-1":{"type":"collapse","settings":{"title":"How do I install Shopify?","content":"Shopify is web based ecommerce software. This means there’s no installation required and it works with all operating systems (including Windows and MacOS). Vendor host Shopify so you don’t have to worry about installing, upgrading or maintaining any software or web servers."}},"1641864012047d3973-2":{"type":"collapse","settings":{"title":"Which languages are supported?","content":"The ecommerce storefront, checkout, email communications, etc, of a shop can be in any language. The administrative interface of a shop is in English."}},"1641864012047d3973-3":{"type":"collapse","settings":{"title":"I cannot upload theme to my Shopify store. What is the problems?","content":"<p>Please make sure that you follow below steps:<\/p>\n<p>1\/ Download the package from themeforest.net (the file is in zip format)<\/p>\n<p>2\/ Extract the file you've just downloaded.<\/p>\n<p>3\/ Find the file in the unzipped folder \"themes\": velatheme_version_package_v1.x.x.zip, then you just need to upload this file to your Shopify store.<\/p>"}},"c982d423-5518-4b95-aadc-8b96e87f158e":{"type":"collapse","settings":{"title":"What I have to do when I need your support?","content":"To save your time and reach our support quickly, please follow below steps:\n<p>1\/ Create a staff account for us (with Themes permission and Settings permission) <a href=\"http:\/\/docs.shopify.com\/manual\/settings\/account\/staff-members\" target=\"_blank\">http:\/\/docs.shopify.com\/manual\/settings\/account\/staff-members<\/a><\/p>\n<p>2\/ Capture screenshot or video for the issue you get.<\/p>\n<p>3\/ Specify which template and version you are using.<\/p>\n<p>4\/ Describe clearly how to reproduce the issue.<\/p>\n<p>5\/ Send all information (staff account, screenshot, video, template name and version, description of the issues, link) to <a href=\"mailto:velatheme@gmail.com\" target=\"_blank\">velatheme@gmail.com<\/a><\/p>"}},"af8cee17-8fe1-4486-b990-4372102377b6":{"type":"collapse","settings":{"title":"How do I pay for an order?","content":"Lorem ipsum dolor sit amet, consectetur adipisicing elit, sed do eiusmod tempor incididunt ut labore et dolore magna aliqua. Ut enim ad minim veniam, quis nostrud exercitation ullamco laboris nisi ut aliquip ex ea commodo consequat. Duis aute irure dolor in reprehenderit in voluptate velit esse cillum dolore eu fugiat nulla pariatur. Excepteur sint occaecat cupidatat non proident\n, sunt in culpa qui officia deserunt mollit anim id est laborum. Sed ut perspiciatis unde omnis iste natus error sit voluptatem accusantium doloremque laudantium, totam rem aperiam, eaque ipsa quae ab illo inventore veritatis et quasi architecto beatae vitae dicta sunt explicabo. Nemo enim ipsam voluptatem quia voluptas sit aspernatur aut odit aut fugit, sed quia consequuntur magni dolores eos qui ratione voluptatem sequi nesciunt. Neque porro quisquam est, qui dolorem ipsum quia dolor sit amet, consectetur, adipisci velit, sed quia non numquam eius modi tempora incidunt ut labore et dolore magnam aliquam quaerat voluptatem."}},"6c301710-2283-45cb-b8a1-bd1875bab97e":{"type":"collapse","settings":{"title":"I don't have an account","content":"Ut enim ad minim veniam, quis nostrud exercitation ullamco laboris nisi ut aliquip ex ea commodo consequat. Duis aute irure dolor in reprehenderit in voluptate velit esse cillum dolore eu fugiat nulla pariatur. Excepteur sint occaecat cupidatat non proident\n, sunt in culpa qui officia deserunt mollit anim id est laborum. Sed ut perspiciatis unde omnis iste natus error sit voluptatem accusantium doloremque laudantium, totam rem aperiam, eaque ipsa quae ab illo inventore veritatis et quasi architecto beatae vitae dicta sunt explicabo. Nemo enim ipsam voluptatem quia voluptas sit aspernatur aut odit aut fugit, sed quia consequuntur magni dolores eos qui ratione voluptatem sequi nesciunt. Neque porro quisquam est, qui dolorem ipsum quia dolor sit amet, consectetur, adipisci velit, sed quia non numquam eius modi tempora incidunt ut labore et dolore magnam aliquam quaerat voluptatem."}},"398fbf14-bef7-470d-bb23-b783e51b729d":{"type":"collapse","settings":{"title":"Where can I find tutorials and guides?","content":"You can find detailed tutorials and guides for your <a href=\"https:\/\/www.shopify.com\/tour\/ecommerce-website\" target=\"_blank\">ecommerce website<\/a> at the <a href=\"https:\/\/help.shopify.com\/\" target=\"_blank\">Shopify Help Center.<\/a>"}},"dd38a47c-0a99-4ad5-becd-0f5a1a8e4830":{"type":"collapse","settings":{"title":"How do I reset my password?","content":"Ut enim ad minim veniam, quis nostrud exercitation ullamco laboris nisi ut aliquip ex ea commodo consequat. Duis aute irure dolor in reprehenderit in voluptate velit esse cillum dolore eu fugiat nulla pariatur. Excepteur sint occaecat cupidatat non proident\n, sunt in culpa qui officia deserunt mollit anim id est laborum. Sed ut perspiciatis unde omnis iste natus error sit voluptatem accusantium doloremque laudantium, totam rem aperiam, eaque ipsa quae ab illo inventore veritatis et quasi architecto beatae vitae dicta sunt explicabo. Nemo enim ipsam voluptatem quia voluptas sit aspernatur aut odit aut fugit, sed quia consequuntur magni dolores eos qui ratione voluptatem sequi nesciunt. Neque porro quisquam est, qui dolorem ipsum quia dolor sit amet, consectetur, adipisci velit, sed quia non numquam eius modi tempora incidunt ut labore et dolore magnam aliquam quaerat voluptatem."}},"15b04107-dc74-4c81-b0cc-16f3ef8b6883":{"type":"collapse","settings":{"title":"How do I cancel my membership?","content":"Funt in culpa qui officia deserunt mollit anim id est laborum. Sed ut perspiciatis unde omnis iste natus error sit voluptatem accusantium doloremque laudantium, totam rem aperiam, eaque ipsa quae ab illo inventore veritatis et quasi architecto beatae vitae dicta sunt explicabo.\n Nemo enim ipsam voluptatem quia voluptas sit aspernatur aut odit aut fugit, sed quia consequuntur magni dolores eos qui ratione voluptatem sequi nesciunt. Neque porro quisquam est, qui dolorem ipsum quia dolor sit amet, consectetur, adipisci velit, sed quia non numquam eius modi tempora incidunt ut labore et dolore magnam aliquam quaerat voluptatem."}},"cfa6824c-5f13-4a3d-8f65-e55a0c20dc88":{"type":"collapse","settings":{"title":"Why you may see the No access page?","content":"Funt in culpa qui officia deserunt mollit anim id est laborum. Sed ut perspiciatis unde omnis iste natus error sit voluptatem accusantium doloremque laudantium, totam rem aperiam, eaque ipsa quae ab illo inventore veritatis et quasi architecto beatae vitae dicta sunt explicabo.\n Nemo enim ipsam voluptatem quia voluptas sit aspernatur aut odit aut fugit, sed quia consequuntur magni dolores eos qui ratione voluptatem sequi nesciunt. Neque porro quisquam est, qui dolorem ipsum quia dolor sit amet, consectetur, adipisci velit, sed quia non numquam eius modi tempora incidunt ut labore et dolore magnam aliquam quaerat voluptatem."}}},"block_order":["1641864012047d3973-0","1641864012047d3973-1","1641864012047d3973-2","1641864012047d3973-3","c982d423-5518-4b95-aadc-8b96e87f158e","af8cee17-8fe1-4486-b990-4372102377b6","6c301710-2283-45cb-b8a1-bd1875bab97e","398fbf14-bef7-470d-bb23-b783e51b729d","dd38a47c-0a99-4ad5-becd-0f5a1a8e4830","15b04107-dc74-4c81-b0cc-16f3ef8b6883","cfa6824c-5f13-4a3d-8f65-e55a0c20dc88"],"settings":{"full_with":false,"color_bg":"rgba(0,0,0,0)","padding_block":"90px 0 0","padding_block_m":"60px 0 0","margin_block":"0 0 60px"}},"be6fa527-1d2a-48b9-a8b9-71dba6d8e62a":{"type":"multiple-collapse","blocks":{"template--15581656940591__be6fa527-1d2a-48b9-a8b9-71dba6d8e62a-16809132395fa23d42-0":{"type":"collapse","settings":{"title":"Order Query","content":"<h6>01. Why is my Product delayed?<\/h6><p>We’re sorry you’ve experienced a delay. We aim to provide the most up-to-date information that we have in My Account and in all circumstances, rest assured, we’re doing all that we can to get your order to you.<\/p><ul>\n<li>My Account shows my product is Being made<\/li>\n<li>My Account shows my product is Being shipped<\/li>\n<li>My Account shows my product is Being prepared for dispatch<\/li>\n<\/ul><p>Your product has arrived at our distribution centre and we’ll be preparing it for dispatch. In most cases, our turn around times are quite quick but on rare occasions, product(s) may be delayed at this stage.<\/p><h6>02. Why are you lead times so long at the moment?<\/h6><p>We know our lead times are not great at the moment, we’re working closely with our suppliers to reduce these. There’s currently a lot of pressure on global shipping around the world. As a result, our products are taking longer to arrive into ports. This does unfortunately mean that your dispatch date may change, or your order could be delayed, but rest assured that we’re doing all we can to get it out as quickly as possible<\/p>"}},"template--15581656940591__be6fa527-1d2a-48b9-a8b9-71dba6d8e62a-16809132395fa23d42-1":{"type":"collapse","settings":{"title":"Delivery Infomation","content":"Lorem Khaled Ipsum is a major key to success. They don’t want us to win. Always remember in the jungle there’s a lot of they in there, after you overcome they, you will make it to paradise. Major key, don’t fall for the trap, stay focused. It’s the ones closest to you that want to see you fail. Major key, don’t fall for the trap, stay focused"}},"template--15581656940591__be6fa527-1d2a-48b9-a8b9-71dba6d8e62a-16809132395fa23d42-2":{"type":"collapse","settings":{"title":"Payments & Promos","content":"Lorem Khaled Ipsum is a major key to success. They don’t want us to win. Always remember in the jungle there’s a lot of they in there, after you overcome they, you will make it to paradise. Major key, don’t fall for the trap, stay focused. It’s the ones closest to you that want to see you fail. Major key, don’t fall for the trap, stay focused"}},"template--15581656940591__be6fa527-1d2a-48b9-a8b9-71dba6d8e62a-16809132395fa23d42-3":{"type":"collapse","settings":{"title":"Product & Stock","content":"Lorem Khaled Ipsum is a major key to success. They don’t want us to win. Always remember in the jungle there’s a lot of they in there, after you overcome they, you will make it to paradise. Major key, don’t fall for the trap, stay focused. It’s the ones closest to you that want to see you fail. Major key, don’t fall for the trap, stay focused"}},"31ba50cb-4344-423e-841b-07c03da78c8f":{"type":"collapse","settings":{"title":"Returns & Refunds","content":"Lorem Khaled Ipsum is a major key to success. They don’t want us to win. Always remember in the jungle there’s a lot of they in there, after you overcome they, you will make it to paradise"}},"f9afa26e-47cc-4d2c-be0d-3fd142384298":{"type":"collapse","settings":{"title":"Technical","content":"Lorem Khaled Ipsum is a major key to success. They don’t want us to win. Always remember in the jungle there’s a lot of they in there, after you overcome they, you will make it to paradise"}}},"block_order":["template--15581656940591__be6fa527-1d2a-48b9-a8b9-71dba6d8e62a-16809132395fa23d42-0","template--15581656940591__be6fa527-1d2a-48b9-a8b9-71dba6d8e62a-16809132395fa23d42-1","template--15581656940591__be6fa527-1d2a-48b9-a8b9-71dba6d8e62a-16809132395fa23d42-2","template--15581656940591__be6fa527-1d2a-48b9-a8b9-71dba6d8e62a-16809132395fa23d42-3","31ba50cb-4344-423e-841b-07c03da78c8f","f9afa26e-47cc-4d2c-be0d-3fd142384298"],"settings":{"full_with":false,"color_bg":"rgba(0,0,0,0)","padding_block":"0 0 90px","padding_block_m":"0 0 60px","margin_block":""}}},"order":["breadcrumb","main","164186401234590876","be6fa527-1d2a-48b9-a8b9-71dba6d8e62a"]}