{"sections":{"breadcrumb":{"type":"breadcrumb-product","settings":{"full_with":true,"max_with":"1800px","margin_block":"","breadcrumb_title":"","enable_title":"none","breadcrumb_bg":"#f6f6f4","breadcrumb_color_heading":"#323232","breadcrumb_color":"#201f1f","breadcrumb_color_link":"#c3c3c3","breadcrumb-height":"60px","breadcrumb-mheight":"40px","text-align":"start"}},"main":{"type":"main-product","blocks":{"title":{"type":"title","settings":{"block_margin":"mb-2"}},"491c3678-a254-4566-821b-051ef3bc6c42":{"type":"reivew","settings":{"block_margin":"mb-3"}},"price":{"type":"price","settings":{"block_margin":"mb-3"}},"c04d58d1-7e33-4924-875c-87b293144f76":{"type":"border","disabled":true,"settings":{"border_style":"solid","border_width":1,"border_color":"#cccccc","block_margin":"mb-3"}},"e12e8cbb-4fac-4586-a0ff-c439c75271d4":{"type":"text","disabled":true,"settings":{"text":"<p>{{ product.metafields.custom.short_description | metafield_tag }}<\/p>","text_color":"#606060","text_size":12,"block_margin":"mb-0"}},"fb8bae5f-a47f-44ca-a4f4-caea832ea54d":{"type":"countdown","settings":{"block_margin":"mb-3","heading":"Remains until the end of the offer"}},"11dfdc72-3642-46dc-9c56-c6ed3777d74d":{"type":"product_sold","settings":{"text_before":"Hurry Up! Sold:","text_after":"products in stock.","block_margin":"mb-3"}},"f7b25d8c-0547-4336-a393-17d7b0a41e9f":{"type":"border","disabled":true,"settings":{"border_style":"solid","border_width":1,"border_color":"#cccccc","block_margin":"mb-3"}},"buy_buttons":{"type":"buy_buttons","settings":{"block_margin":"mb-3","product_selector":"radio","product_color_enable":true,"product_color_variant_enable":true,"product_unavailable_variants":"disable","quantity_enabled":true,"quantity_selector":"text","enable_payment_button":true,"product_wishlist":true,"product_question":true}},"text_ejdBEG":{"type":"text","settings":{"text":"<p><em><strong>FREE SHIPPING<\/strong><\/em><\/p>","text_color":"","text_size":15,"block_margin":"mb-0"}},"product_organization":{"type":"product_organization","settings":{"product_sku_enable":true,"product_available_enable":true,"product_vendor_enable":false,"product_type_enable":false,"product_tag_enable":true,"product_collection_enable":false,"product_collection_title":"Collections:","product_coll_limit":1,"block_margin":"mb-2"}},"91c084e3-67d1-463e-b5bd-5a47d8837949":{"type":"share","settings":{"share_label":"Share","block_margin":"mb-3"}},"bb35d3c0-fa32-4b86-9e81-44ce53f148cd":{"type":"border","settings":{"border_style":"solid","border_width":1,"border_color":"#e6e2e0","block_margin":"mb-3"}},"cc6513a2-5262-43d7-b018-6cbea19b910e":{"type":"custom_liquid","settings":{"custom_liquid":"<!--{%- assign date = 'now' | date: '%s' -%}\n{%- assign seconds = 9 | times: 86400 -%}\n<div class=\"vela-estimate-delivery-label d-flex flex-wrap\">\n    <span class=\"icon me-2\">{% render 'icons', icon: 'truck-fast', attr: 'width=\"20\"' %}<\/span>\n    <span class=\"label me-1\">Estimated Delivery: <\/span><span class=\"text-primary\" data-bs-toggle=\"tooltip\" data-bs-placement=\"top\" data-bs-title=\"{{ 'now' | date: '%d %B, %Y' }} - {{ date | date: '%s' | plus: seconds | date: '%d %B, %Y' }}\">\n    {{ 'now' | date: '%d' }} - {{ date | date: \"%s\" | plus: seconds | date: \"%d %B,%Y\" }}<\/span>\n<\/div>-->","block_margin":"mb-2"}},"d2556500-9561-429c-a87a-8081f074e2cb":{"type":"custom_liquid","settings":{"custom_liquid":"<!--<div class=\"vela-free-shipping-label\">\n    <span class=\"icon me-2\">{% render 'icons', icon: 'box', attr: 'width=\"16\"' %}<\/span>\n    <span class=\"label\">Free Shipping &amp; Returns: <\/span>\n    On all orders over <span class=\"text-primary\">{{ '50000' | money }}<\/span>\n<\/div>-->","block_margin":"mb-4"}},"68fcf4dc-7ab8-4182-a90e-e7f2a7e324dc":{"type":"border","disabled":true,"settings":{"border_style":"solid","border_width":1,"border_color":"#e6e2e0","block_margin":"mb-3"}},"366f2f0f-b45a-4941-8433-f03ff688c8bc":{"type":"product_banner","settings":{"block_margin":"mb-0"}},"d369c06a-60cd-4a8f-bf6a-c30b622c9a65":{"type":"gift_box","settings":{"product_gift":"plastic-dining-armchair","product_gift_heading":"CONGRATULATIONS!","product_gift_text":"Simply copy the code below and use it when you checkout to enjoy an additional 50% OFF on this product","product_gift_code":"S47P40BTH3JV"}}},"block_order":["title","491c3678-a254-4566-821b-051ef3bc6c42","price","c04d58d1-7e33-4924-875c-87b293144f76","e12e8cbb-4fac-4586-a0ff-c439c75271d4","fb8bae5f-a47f-44ca-a4f4-caea832ea54d","11dfdc72-3642-46dc-9c56-c6ed3777d74d","f7b25d8c-0547-4336-a393-17d7b0a41e9f","buy_buttons","text_ejdBEG","product_organization","91c084e3-67d1-463e-b5bd-5a47d8837949","bb35d3c0-fa32-4b86-9e81-44ce53f148cd","cc6513a2-5262-43d7-b018-6cbea19b910e","d2556500-9561-429c-a87a-8081f074e2cb","68fcf4dc-7ab8-4182-a90e-e7f2a7e324dc","366f2f0f-b45a-4941-8433-f03ff688c8bc","d369c06a-60cd-4a8f-bf6a-c30b622c9a65"],"settings":{"full_with":true,"max_with":"1800px","color_bg":"#f5f5f5","padding_block":"70px 10px 20px","padding_block_m":"60px 0","product_sticky":false,"media_layout":"thumbnails","enable_image_zoom":false,"enable_image_popup":true,"enable_video_looping":true,"enable_multi_variant":true}},"producttab-information":{"type":"vela-product-tab-information","blocks":{"cc0df252-0d33-495c-82c8-a87d37c17375":{"type":"description","settings":{"heading":"Description"}},"295fb712-0835-4d66-a307-ba6e6ac207e7":{"type":"extra_tab","disabled":true,"settings":{"heading":"Additional","content":"<div class=\"table-responsive-sm\">\n<table class=\"table table-striped table-borderless lh-1 mx-auto\" style=\"max-width: 900px;\">\n  <tbody>\n<tr>\n  <th class=\"p-3 fw-medium\">Weight (w\/o wheels)<\/th>\n  <td class=\"p-3\">20 LBS<\/td>\n  <\/tr>\n  <tr>\n  <th class=\"p-3 fw-medium\">Weight Capacity<\/th>\n  <td class=\"p-3\">60 LBS<\/td>\n  <\/tr>\n  <tr>\n  <th class=\"p-3 fw-medium\">Folded (w\/o wheels)<\/th>\n  <td class=\"p-3\">32.5\"L x 18.5\"W x 16.5\"H<\/td>\n  <\/tr>\n  <tr>\n  <th class=\"p-3 fw-medium\">Folded (w\/ wheels)<\/th>\n  <td class=\"p-3\">32.5\"L x 24\"W x 18.5\"H<\/td>\n  <\/tr>\n  <tr>\n  <th class=\"p-3 fw-medium\">Door Pass Through<\/th>\n  <td class=\"p-3\">24<\/td>\n  <\/tr>\n  <tr>\n  <th class=\"p-3 fw-medium\">Frame<\/th>\n  <td class=\"p-3\">Aluminum<\/td>\n  <\/tr>\n  <tr>\n  <th class=\"p-3 fw-medium\">Stand Up<\/th>\n  <td class=\"p-3\">35\"L x 24\"W x 37-45\"H(front to back wheel)<\/td>\n  <\/tr>\n  <tr>\n  <th class=\"p-3 fw-medium\">Size<\/th>\n  <td class=\"p-3\">S, XL, XS<\/td>\n  <\/tr>\n  <tr>\n  <th class=\"p-3 fw-medium\">Color<\/th>\n  <td class=\"p-3\">Gray 2, Green 2, Orange 1, Orange 2, Violet<\/td>\n  <\/tr>\n  <\/tbody>\n<\/table>\n<\/div>","content_1":""}},"c15425a1-d216-4c26-a373-463630c46a94":{"type":"extra_tab","disabled":true,"settings":{"heading":"Shipping &amp; Return","content":"<h5 class=\"mb-3\">Returns Policy<\/h5><p>You may return most new, unopened items within 30 days of delivery for a full refund. We'll also pay the return shipping costs if the return is a result of our error (you received an incorrect or defective item, etc.).<\/p><p>You should expect to receive your refund within four weeks of giving your package to the return shipper, however, in many cases you will receive a refund more quickly. This time period includes the transit time for us to receive your return from the shipper (5 to 10 business days), the time it takes us to process your return once we receive it (3 to 5 business days), and the time it takes your bank to process our refund request (5 to 10 business days).<\/p><p>If you need to return an item, simply login to your account, view the order using the 'Complete Orders' link under the My Account menu and click the Return Item(s) button. We'll notify you via e-mail of your refund once we've received and processed the returned item.<\/p><h5 class=\"mt-4 mb-3\">Shipping<\/h5><p>We can ship to virtually any address in the world. Note that there are restrictions on some products, and some products cannot be shipped to international destinations.<\/p><p>When you place an order, we will estimate shipping and delivery dates for you based on the availability of your items and the shipping options you choose. Depending on the shipping provider you choose, shipping date estimates may appear on the shipping quotes page.<\/p><p>Please also note that the shipping rates for many items we sell are weight-based. The weight of any such item can be found on its detail page. To reflect the policies of the shipping companies we use, all weights will be rounded up to the next full pound.<\/p>","content_1":""}},"88a3bbbc-280f-4e38-ac10-bf23965dac6b":{"type":"extra_tab","settings":{"heading":"CARE INSTRUCTIONS","content":"<p><\/p>","content_1":"<p>{{ product.metafields.custom.care_instruction | metafield_tag }}<\/p>"}},"extra_tab_QmPLyt":{"type":"extra_tab","settings":{"heading":"ASSEMBLY INSTRUCTION","content":"<p><\/p>","content_1":"{{ product.metafields.custom.assembly_instruction | metafield_tag }}"}}},"block_order":["cc0df252-0d33-495c-82c8-a87d37c17375","295fb712-0835-4d66-a307-ba6e6ac207e7","c15425a1-d216-4c26-a373-463630c46a94","88a3bbbc-280f-4e38-ac10-bf23965dac6b","extra_tab_QmPLyt"],"settings":{"full_with":false,"max_with":"","color_bg":"rgba(0,0,0,0)","padding_block":"20px 0 50px","padding_block_m":"55px 0 60px","margin_block":"","review_title":"Reviews","product_review":"tab"}},"product-recommendations":{"type":"product-recommendations","settings":{"full_with":false,"max_with":"","color_bg":"rgba(0,0,0,0)","padding_block":"0 0 100px","padding_block_m":"0 0 60px","margin_block":"","heading":"Maybe You Like","sub_heading":"Maybe you'll appreciate our interior design company for its unique style","products_to_show":5,"column1":5,"column2":3,"column3":2}},"product-viewed":{"type":"product-viewed","settings":{"full_with":false,"max_with":"","color_bg":"rgba(0,0,0,0)","padding_block":"0 0 100px","padding_block_m":"0 0 60px","margin_block":"","heading":"Recently Viewed","sub_heading":"Specializing in exquisite interior designs, our furniture company transforms spaces beautifully and functionally","products_to_show":6,"column1":6,"column2":3,"column3":2}}},"order":["breadcrumb","main","producttab-information","product-recommendations","product-viewed"]}