{"sections":{"breadcrumb":{"type":"breadcrumb-page","settings":{"full_with":true,"max_with":"1800px","margin_block":"","image":"","breadcrumb_title":"","enable_title":"none","breadcrumb_bg":"#f6f6f4","breadcrumb_color_heading":"#323232","breadcrumb_color":"#201f1f","breadcrumb_color_link":"#c3c3c3","breadcrumb-height":"65px","breadcrumb-mheight":"65px","text-align":"start"}},"main":{"type":"main-search-blog","settings":{"full_with":false,"max_with":"","color_bg":"rgba(0,0,0,0)","padding_block":"90px 0","padding_block_m":"60px 0","margin_block":"","products_per_page":32,"products_ditem_per_row":4,"products_titem_per_row":3,"products_mitem_per_row":2}},"1632193772e9150a7d":{"type":"product-list","settings":{"full_with":false,"max_with":"","color_bg":"rgba(0,0,0,0)","padding_block":"0 0 90px","padding_block_m":"0 0 60px","margin_block":"","heading":"Maybe You Like","sub_heading":"Mirum est notare quam littera gothica quam nunc putamus parum claram!","collection_handle":"frontpage","limit":8,"product_style":"grid","space_between":"4","button_text":"","slide_enable":true,"navigation":true,"pagination":false,"infinite":false,"autoplay":false,"autoplay_speed":"10000","column1":5,"column2":3,"column3":2,"column4":2}}},"order":["breadcrumb","main","1632193772e9150a7d"]}