{"sections":{"breadcrumb":{"type":"breadcrumb-page","settings":{"full_with":true,"max_with":"1800px","margin_block":"","image":"","enable_title":"none","breadcrumb_bg":"#f6f6f4","breadcrumb_color_heading":"#323232","breadcrumb_color":"#201f1f","breadcrumb_color_link":"#c3c3c3","breadcrumb-height":"65px","breadcrumb-mheight":"65px","text-align":"start"}},"main":{"type":"main-account","settings":{}},"product-viewed":{"type":"product-viewed","settings":{"full_with":false,"max_with":"","color_bg":"rgba(0,0,0,0)","padding_block":"0 0 90px","padding_block_m":"0 0 60px","margin_block":"","heading":"Recently Viewed","sub_heading":"Mirum est notare quam littera gothica quam nunc putamus parum claram!","products_to_show":6,"column1":6,"column2":3,"column3":2}}},"order":["breadcrumb","main","product-viewed"]}