{"current":{"color_primary":"#d4a533","color_secondary":"#333e48","color_body_text":"#434343","color_text_light":"#c3c3c3","color_body_bg":"#ffffff","color_headings":"#222222","color_border":"#ebebeb","color_menu_bg":"#ffffff","color_menu_text":"#222222","color_menu_text_hover":"#222222","color_submenu_text":"#a3a3a3","color_submenu_text_hover":"#222222","color_btn":"#ffffff","color_btn_border":"#222222","color_btn_bg":"#222222","color_btn_hover_border":"#d4a533","color_btn_hover_bg":"#d4a533","type_body_font_select":"shopify_body_fonts","type_body_font":"source_code_pro_n4","type_body_google_font":"","type_body_google_font_name":"","type_base_size":16,"type_header_font_select":"shopify_header_fonts","type_header_font":"source_code_pro_n4","type_header_google_font":"","type_header_google_font_name":"","type_header_base_size":30,"type_special_type":"upload_fonts","type_special_link":"","type_special_font":"Source Sans Pro","type_menu_size":14,"type_menu_dropdown_size":13,"font_icon":false,"giftcard_logo":"shopify:\/\/shop_images\/logo-smart_05947327-b5d1-40a4-a945-5bbc408e0fca.png","product_reviews_enable":true,"preloading":false,"predictive_search_show_review":true,"quickview_enable":true,"quickview_proshortdesc":true,"quickview_prosku":false,"quickview_availability":true,"quickview_protype":true,"quickview_tags":false,"quickview_vendor":true,"quickview_quantity_selector":"select","quickview_variant_selector":"select","quickview_variant_color_enable":true,"quickview_variant_image_enable":true,"quickview_text":"","cart_type":"modal","cart_notes_enable":true,"cart_shipping_enable":true,"cart_coupon_enable":true,"cart_gift_enable":true,"cart_gift_product":"zgift-wrapping","shipping_bar":false,"social_twitter_link":"https:\/\/twitter.com","social_facebook_link":"https:\/\/facebook.com","social_pinterest_link":"#","social_instagram_link":"http:\/\/instagram.com","social_tiktok_link":"https:\/\/www.tiktok.com\/","social_youtube_link":"","product_style":"default","image_ratio":"adapt","crop":false,"show_secondary_image":true,"product_card_tag":false,"product_card_review":false,"product_card_sale":true,"product_card_available":true,"product_card_new":false,"product_vendor_enable":false,"product_card_shortdesc":false,"product_card_tax":false,"product_cart_swatch_label":"color,colour,couleur,kleur,cor,colore,culoare,farbe,색,色,カラー,färg,farve,szín,barva","product_card_swatch":true,"product_card_image_variant":false,"product_card_wishlist":true,"badge_position":"start","new_badge_bg_color":"#66cc33","sale_badge_bg_color":"#ce0000","sale_style":"text","cookie_consent_enable":false,"newsletter_popup_enable":false,"newsletter_popup_color_bg":"#f8f8f8","newsletter_popup_image":"shopify:\/\/shop_images\/newslettermodal.png","newsletter_popup_title":"Get Our Email Letter","newsletter_title_color":"#201f1f","newsletter_popup_html":"Subscribe to the Complex mailing list to receive updates on new arrivals, special offers and other discount information.","newsletter_html_color":"#606060","newsletter_popup_form":true,"newsletter_popup_form_action":"https:\/\/velatheme.us13.list-manage.com\/subscribe\/post?u=4d8c80acdd82f3c48d27467f6&amp;id=d52e6e4f14","pre-order":true,"pre-order-style":"nopopup","favicon":"shopify:\/\/shop_images\/alee.png","checkout_logo_image":"shopify:\/\/shop_images\/logo_dark.svg","checkout_accent_color":"#54504f","checkout_button_color":"#161311","color_footer_heading":"#ffffff","color_footer_text":"#adadad","color_footer_link":"#adadad","color_footer_link_hover":"#ffffff","color_footer_bg":"#222222","color_copyright_bg":"#222222","color_copyright":"#e4e2e2","end":"for FREE SHIPPING","shipping_calculator_heading":"Estimate Shipping","shipping_calculator_default_country":"United States","shipping_calculator_submit_button_label":"Estimate","color_header_text":"#333e48","color_header_bg":"#ffffff","color_vertical_menu_text":"#333e48","color_vertical_menu_text_hover":"#b11e22","color_vertical_submenu_text":"#858a8d","color_vertical_submenu_text_hover":"#333e43","breadcrumb_color":"#333e43","breadcrumb_heading_color":"#b11e22","breadcrumb_color_link":"#333e43","newsletter_popup_caption":"","newsletter_caption_color":"#333e43","newsletter_popup_subtitle":"ON YOUR NEXT PURCHASE","newsletter_subtitle_color":"#333e48","tyep_menu_dropdown_size":14,"free_shipping_value":400,"show_multiple_currencies":false,"currency_format":"money_format","content_for_index":[]},"platform_customizations":{"custom_css":[".product-price {font-size: 22px !important; font-weight: 600 !important; color: black; text-align: center;}",".product-price-sales {font-size: 22px !important; font-weight: 600 !important; color: #b9160e !important;}",".product-price.product-price--regular {position: relative; padding: 0 3px; font-size: 16px !important; font-weight: 400 !important;}","#opinew-reviews-product-page-code {width: 80% !important; margin: 0 auto !important;}"]}}