[
  {
    "name": "theme_info",
    "theme_name": "Outstock_Furniture",
    "theme_version": "5.0",
    "theme_author": "Velatheme",
    "theme_documentation_url": "https:\/\/velatheme.com\/guide\/velatheme-v2",
    "theme_support_url": "https:\/\/velatheme.ticksy.com"
  },
  {
    "name": "t:settings_schema.colors.name",
    "settings": [
      {
        "type": "header",
        "content": "General"
      },
      {
        "type": "color",
        "id": "color_primary",
        "label": "Primary",
        "default": "#008dcf"
      },
      {
        "type": "color",
        "id": "color_secondary",
        "label": "Secondary",
        "default": "#6b58cd"
      },
      {
        "type": "header",
        "content": "Body"
      },
      {
        "type": "color",
        "id": "color_body_text",
        "label": "Text",
        "default": "#1f2021"
      },
      {
        "type": "color",
        "id": "color_text_light",
        "label": "Text light",
        "default": "#A49F9C"
      },
      {
        "type": "color",
        "id": "color_body_bg",
        "label": "Body background color",
        "default": "#ffffff"
      },
      {
        "type": "color",
        "id": "color_headings",
        "label": "Headings",
        "default": "#161311"
      },
      {
        "type": "color",
        "id": "color_border",
        "label": "Border",
        "default": "#e1e1e1"
      },
      {
        "type": "header",
        "content": "Main Menu"
      },
      {
        "type": "color",
        "id": "color_menu_bg",
        "label": "Background color",
        "default": "#ffffff"
      },
      {
        "type": "color",
        "id": "color_menu_text",
        "label": "Menu text",
        "default": "#1f2021"
      },
      {
        "type": "color",
        "id": "color_menu_text_hover",
        "label": "Menu text hover",
        "default": "#1f2021"
      },
      {
        "type": "color",
        "id": "color_submenu_bg",
        "label": "Submenu background color",
        "default": "#ffffff"
      },
      {
        "type": "color",
        "id": "color_submenu_text",
        "label": "Submenu text",
        "default": "#1f2021"
      },
      {
        "type": "color",
        "id": "color_submenu_text_hover",
        "label": "Submenu text hover",
        "default": "#1f2021"
      },
      {
        "type": "header",
        "content": "Button Color"
      },
      {
        "type": "color",
        "id": "color_btn",
        "label": "btn color",
        "default": "#ffffff"
      },
      {
        "type": "color",
        "id": "color_btn_border",
        "label": "btn Border color",
        "default": "#000000"
      },
      {
        "type": "color",
        "id": "color_btn_bg",
        "label": "btn bg color",
        "default": "#000000"
      },
      {
        "type": "color",
        "id": "color_btn_hover",
        "label": "btn hover color",
        "default": "#ffffff"
      },
      {
        "type": "color",
        "id": "color_btn_hover_border",
        "label": "btn Border color",
        "default": "#000000"
      },
      {
        "type": "color",
        "id": "color_btn_hover_bg",
        "label": "btn bg hover color",
        "default": "#000000"
      }
    ]
  },
  {
    "name": "Typography",
    "settings": [
      {
        "type": "header",
        "content": "Body"
      },
      {
        "type": "radio",
        "id": "type_body_font_select",
        "label": "Fonts body style",
        "options": [
          {
            "value": "shopify_body_fonts",
            "label": "Shopify font"
          },
          {
            "value": "google_body_fonts",
            "label": "Google font"
          }
        ],
        "default": "shopify_body_fonts"
      },
      {
        "type": "font_picker",
        "id": "type_body_font",
        "default": "sans-serif",
        "label": "Font",
        "info": "Selecting a different font can affect the speed of your store."
      },
      {
        "type": "text",
        "id": "type_body_google_font",
        "label": "Google font URL",
        "info": "[Where do I find Google Fonts?](http:\/\/www.google.com\/fonts)"
      },
      {
        "type": "text",
        "id": "type_body_google_font_name",
        "label": "Google font name",
        "info": "[Guideline?](https:\/\/velatheme.com\/guide\/velatheme-v2\/theme_settings.html#sectionTwo)"
      },
      {
        "type": "range",
        "id": "type_base_size",
        "label": "Base size",
        "min": 12,
        "max": 18,
        "step": 1,
        "unit": "px",
        "default": 14
      },
      {
        "type": "header",
        "content": "Headings"
      },
      {
        "type": "radio",
        "id": "type_header_font_select",
        "label": "Fonts heading style",
        "options": [
          {
            "value": "shopify_header_fonts",
            "label": "Shopify font"
          },
          {
            "value": "google_header_fonts",
            "label": "Google font"
          }
        ],
        "default": "shopify_header_fonts"
      },
      {
        "type": "font_picker",
        "id": "type_header_font",
        "default": "sans-serif",
        "label": "Shopify font",
        "info": "Selecting a different font can affect the speed of your store"
      },
      {
        "type": "text",
        "id": "type_header_google_font",
        "label": "Google font URL",
        "info": "[Where do I find Google Fonts?](http:\/\/www.google.com\/fonts)"
      },
      {
        "type": "text",
        "id": "type_header_google_font_name",
        "label": "Google font name",
        "info": "[Guideline?](https:\/\/velatheme.com\/guide\/velatheme-v2\/theme_settings.html#sectionTwo)"
      },
      {
        "type": "range",
        "id": "type_header_base_size",
        "label": "Base size",
        "min": 16,
        "max": 60,
        "step": 2,
        "unit": "px",
        "default": 30
      },
      {
        "type": "header",
        "content": "Font Family Special",
        "info": "Font family for special style"
      },
      {
        "type": "radio",
        "id": "type_special_type",
        "label": "Fonts style",
        "options": [
          {
            "value": "google_fonts",
            "label": "Google font"
          },
          {
            "value": "upload_fonts",
            "label": "Custom font"
          }
        ],
        "info": "[Where do I find Google Fonts?](http:\/\/www.google.com\/fonts)",
        "default": "google_fonts"
      },
      {
        "type": "text",
        "id": "type_special_link",
        "label": "Google font URL"
      },
      {
        "type": "text",
        "id": "type_special_font",
        "label": "Fonts name",
        "info": "Use for google font and custom font",
        "default": "Arial"
      },
      {
        "type": "header",
        "content": "Menu font size"
      },
      {
        "type": "range",
        "id": "type_menu_size",
        "min": 10,
        "max": 24,
        "step": 1,
        "unit": "px",
        "label": "Menu font size",
        "default": 14,
        "info": "Font size menu"
      },
      {
        "type": "range",
        "id": "type_menu_dropdown_size",
        "min": 10,
        "max": 24,
        "step": 1,
        "unit": "px",
        "label": "Dropdown menu font size",
        "default": 14,
        "info": "Font size dropdown menu"
      }
    ]
  },
  {
    "name": "Features",
    "settings": [
      {
        "type": "header",
        "content": "Font Icon Awesome"
      },
      {
        "type": "checkbox",
        "id": "font_icon",
        "label": "Use font icon awesome v4.7",
        "info": "[Find icon](https:\/\/fontawesome.com\/v4.7\/icons\/)",
        "default": false
      },
      {
        "type": "header",
        "content": "Gift cards"
      },
      {
        "type": "image_picker",
        "id": "giftcard_logo",
        "label": "Gift card logo"
      },
      {
        "type": "header",
        "content": "Product Reviews"
      },
      {
        "type": "checkbox",
        "id": "product_reviews_enable",
        "label": "Enable",
        "info": "[View Product Review settings](\/admin\/apps\/product-reviews\/settings)",
        "default": true
      },
      {
        "type": "header",
        "content": "Wishlist"
      },
      {
        "type": "checkbox",
        "id": "product_wishlist",
        "label": "Enable",
        "default": true
      },
      {
        "type": "header",
        "content": "Scroll to top"
      },
      {
        "type": "checkbox",
        "id": "scroll_to_top",
        "label": "Enable",
        "default": true
      },
      {
        "type": "header",
        "content": "PreLoading"
      },
      {
        "type": "checkbox",
        "id": "preloading",
        "label": "Enable",
        "default": true
      },
      {
        "type": "image_picker",
        "id": "preloading_image",
        "label": "Image"
      }
    ]
  },
  {
    "name": "Search input",
    "settings": [
      {
        "type": "header",
        "content": "Product suggestions"
      },
      {
        "type": "checkbox",
        "id": "predictive_search_enabled",
        "default": true,
        "label": "Enable product suggestions"
      },
      {
        "type": "checkbox",
        "id": "predictive_search_show_vendor",
        "default": false,
        "label": "Show vendor",
        "info": "Visible when product suggestions enabled."
      },
      {
        "type": "checkbox",
        "id": "predictive_search_show_review",
        "default": false,
        "label": "Show review",
        "info": "Visible when product suggestions enabled."
      },
      {
        "type": "checkbox",
        "id": "predictive_search_show_price",
        "default": true,
        "label": "Show price",
        "info": "Visible when product suggestions enabled."
      }
    ]
  },
  {
    "name": "Quickview",
    "settings": [
      {
        "type": "checkbox",
        "id": "quickview_enable",
        "label": "Enable"
      },
      {
        "type": "checkbox",
        "id": "quickview_proshortdesc",
        "label": "Show product short description"
      },
      {
        "type": "checkbox",
        "id": "quickview_prosku",
        "label": "Show product SKU"
      },
      {
        "type": "checkbox",
        "id": "quickview_availability",
        "label": "Show availability"
      },
      {
        "type": "checkbox",
        "id": "quickview_protype",
        "label": "Show product type"
      },
      {
        "type": "checkbox",
        "id": "quickview_tags",
        "label": "Show product tags"
      },
      {
        "type": "checkbox",
        "id": "quickview_vendor",
        "label": "Show product vendor"
      },
      {
        "type": "select",
        "id": "quickview_quantity_selector",
        "label": "Quantity type",
        "options": [
          {
            "value": "text",
            "label": "Text"
          },
          {
            "value": "select",
            "label": "Dropdown"
          }
        ],
        "default": "text"
      },
      {
        "type": "select",
        "id": "quickview_variant_selector",
        "label": "Product option picker type",
        "options": [
          {
            "value": "radio",
            "label": "Button"
          },
          {
            "value": "select",
            "label": "Dropdown"
          }
        ]
      },
      {
        "type": "checkbox",
        "id": "quickview_variant_color_enable",
        "label": "Show color swatches",
        "default": true
      },
      {
        "type": "checkbox",
        "id": "quickview_variant_image_enable",
        "label": "Use variant image",
        "default": true
      },
      {
        "type": "textarea",
        "id": "quickview_text",
        "label": "Text"
      }
    ]
  },
  {
    "name": "Cart page",
    "settings": [
      {
        "type": "select",
        "id": "cart_type",
        "options": [
          {
            "value": "modal",
            "label": "Modal"
          },
          {
            "value": "drawer",
            "label": "Drawer"
          },
          {
            "value": "page",
            "label": "Page"
          }
        ],
        "label": "Cart type"
      },
      {
        "type": "checkbox",
        "id": "cart_notes_enable",
        "label": "Enable order notes"
      },
      {
        "type": "checkbox",
        "id": "cart_shipping_enable",
        "label": "Enable estimate shipping"
      },
      {
        "type": "checkbox",
        "id": "cart_coupon_enable",
        "label": "Enable Coupon"
      },
      {
        "type": "header",
        "content": "Gift wrap"
      },
      {
        "type": "checkbox",
        "id": "cart_gift_enable",
        "label": "Enable"
      },
      {
        "type": "product",
        "id": "cart_gift_product",
        "label": "Select product"
      },
      {
        "type": "header",
        "content": "Shipping bar"
      },
      {
        "type": "checkbox",
        "id": "shipping_bar",
        "label": "Enable",
        "default": true
      },
      {
        "type": "text",
        "id": "shipping_value",
        "label": "Minimum order value to be free shipping",
        "default": "500"
      },
      {
        "type": "paragraph",
        "content": "💡 [Setup your store shipping here](\/admin\/settings\/shipping)"
      }
    ]
  },
  {
    "name": "Social media",
    "settings": [
      {
        "type": "header",
        "content": "Social accounts"
      },
      {
        "type": "text",
        "id": "social_twitter_link",
        "label": "Twitter",
        "info": "https:\/\/twitter.com\/shopify"
      },
      {
        "type": "text",
        "id": "social_facebook_link",
        "label": "Facebook",
        "info": "https:\/\/facebook.com\/shopify"
      },
      {
        "type": "text",
        "id": "social_pinterest_link",
        "label": "Pinterest",
        "info": "https:\/\/pinterest.com\/shopify"
      },
      {
        "type": "text",
        "id": "social_instagram_link",
        "label": "Instagram",
        "info": "http:\/\/instagram.com\/shopify"
      },
      {
        "type": "text",
        "id": "social_tiktok_link",
        "label": "TikTok",
        "info": "https:\/\/tiktok.com\/@shopify"
      },
      {
        "type": "text",
        "id": "social_tumblr_link",
        "label": "Tumblr",
        "info": "https:\/\/shopify.tumblr.com"
      },
      {
        "type": "text",
        "id": "social_snapchat_link",
        "label": "Snapchat",
        "info": "https:\/\/www.snapchat.com\/add\/shopify"
      },
      {
        "type": "text",
        "id": "social_youtube_link",
        "label": "YouTube",
        "info": "https:\/\/www.youtube.com\/shopify"
      },
      {
        "type": "text",
        "id": "social_vimeo_link",
        "label": "Vimeo",
        "info": "https:\/\/vimeo.com\/shopify"
      },
      {
        "type": "header",
        "content": "Sharing options"
      },
      {
        "type": "checkbox",
        "id": "share_facebook",
        "label": "Share on Facebook",
        "default": true
      },
      {
        "type": "checkbox",
        "id": "share_twitter",
        "label": "Tweet on Twitter",
        "default": true
      },
      {
        "type": "checkbox",
        "id": "share_pinterest",
        "label": "Pin on Pinterest",
        "default": true
      },
      {
        "type": "checkbox",
        "id": "share_linkedin",
        "label": "Share on linkedin",
        "default": true
      },
      {
        "type": "checkbox",
        "id": "share_email",
        "label": "Email to a Friend",
        "default": true
      }
    ]
  },
  {
    "name": "Product Card",
    "settings": [
      {
        "type": "select",
        "id": "product_style",
        "options": [
          {
            "value": "default",
            "label": "Default"
          },
          {
            "value": "style1",
            "label": "Style1"
          },
          {
            "value": "style2",
            "label": "style2"
          },
          {
            "value": "style3",
            "label": "style3"
          }
        ],
        "default": "default",
        "label": "Product Grid style"
      },
      {
        "type": "select",
        "id": "image_ratio",
        "options": [
          {
            "value": "adapt",
            "label": "Adapt to image"
          },
          {
            "value": "portrait",
            "label": "Portrait"
          },
          {
            "value": "square",
            "label": "Square"
          }
        ],
        "default": "adapt",
        "label": "Image ratio"
      },
      {
        "type": "checkbox",
        "id": "crop",
        "label": "Crop Image",
        "default": false,
        "info": "Not use with Adapt to image"
      },
      {
        "type": "checkbox",
        "id": "show_secondary_image",
        "default": false,
        "label": "Show second image on hover"
      },
      {
        "type": "checkbox",
        "id": "product_card_tag",
        "label": "Show tags",
        "default": true
      },
      {
        "type": "checkbox",
        "id": "product_card_review",
        "label": "Show review",
        "default": true
      },
      {
        "type": "checkbox",
        "id": "product_card_sale",
        "label": "Show label sale",
        "default": true
      },
      {
        "type": "checkbox",
        "id": "product_card_available",
        "label": "Show label available",
        "default": false
      },
      {
        "type": "checkbox",
        "id": "product_card_new",
        "label": "Show label new",
        "default": false
      },
      {
        "type": "checkbox",
        "id": "product_vendor_enable",
        "label": "Show product vendor",
        "default": true
      },
      {
        "type": "checkbox",
        "id": "product_card_shortdesc",
        "label": "Show short description",
        "default": false
      },
      {
        "type": "checkbox",
        "id": "product_card_addtocart",
        "label": "Show add to cart",
        "default": true
      },
      {
        "type": "checkbox",
        "id": "product_card_tax",
        "label": "Show tax",
        "default": false
      },
      {
        "type": "header",
        "content": "Color swatches"
      },
      {
        "type": "text",
        "id": "product_cart_swatch_label",
        "label": "Color swatches labels",
        "default": "color,colour,couleur,cor,colore,culoare,farbe,색,色,カラー,färg,farve,szín,barva",
        "info": "Write multiple option names (separated by commas) that you want to become color swatches."
      },
      {
        "type": "checkbox",
        "id": "product_card_swatch",
        "label": "Show color swatches",
        "default": false
      },
      {
        "type": "checkbox",
        "id": "product_card_image_variant",
        "label": "Use image variant",
        "default": true,
        "info": "Learn more about [Upload image variant](https:\/\/velatheme.com\/guide\/velatheme-v2\/collection_pages.html#sectionSix)"
      },
      {
        "type": "checkbox",
        "id": "product_card_wishlist",
        "label": "Show wishlist",
        "default": false
      }
    ]
  },
  {
    "name": "t:settings_schema.badges.name",
    "settings": [
      {
        "type": "select",
        "id": "badge_position",
        "options": [
          {
            "value": "start",
            "label": "t:settings_schema.badges.settings.position.options__1.label"
          },
          {
            "value": "end",
            "label": "t:settings_schema.badges.settings.position.options__2.label"
          }
        ],
        "default": "start",
        "label": "t:settings_schema.badges.settings.position.label"
      },
      {
        "type": "color",
        "id": "new_badge_color",
        "label": "t:settings_schema.badges.settings.new_badge_color.label",
        "default": "#ffffff"
      },
      {
        "type": "color",
        "id": "new_badge_bg_color",
        "label": "t:settings_schema.badges.settings.new_badge_bg_color.label",
        "default": "#31b0d5"
      },
      {
        "type": "color",
        "id": "sale_badge_color",
        "label": "t:settings_schema.badges.settings.sale_badge_color.label",
        "default": "#ffffff"
      },
      {
        "type": "color",
        "id": "sale_badge_bg_color",
        "label": "t:settings_schema.badges.settings.sale_badge_bg_color.label",
        "default": "#e53939"
      },
      {
        "type": "select",
        "id": "sale_style",
        "options": [
          {
            "value": "text",
            "label": "t:settings_schema.badges.settings.sale_style.options__1.label"
          },
          {
            "value": "percent",
            "label": "t:settings_schema.badges.settings.sale_style.options__2.label"
          }
        ],
        "default": "text",
        "label": "t:settings_schema.badges.settings.sale_style.label"
      },
      {
        "type": "color",
        "id": "sold_out_badge_color",
        "label": "t:settings_schema.badges.settings.sold_out_badge_color.label",
        "default": "#222"
      },
      {
        "type": "color",
        "id": "sold_out_badge_bg_color",
        "label": "t:settings_schema.badges.settings.sold_out_badge_bg_color.label",
        "default": "#ffc107"
      },
      {
        "type": "color",
        "id": "pre_order_badge_color",
        "label": "t:settings_schema.badges.settings.pre_order_badge_color.label",
        "default": "#ffffff"
      },
      {
        "type": "color",
        "id": "pre_order_badge_bg_color",
        "label": "t:settings_schema.badges.settings.pre_order_badge_bg_color.label",
        "default": "#0dcaf0"
      }
    ]
  },
  {
    "name": "Cookie Consent",
    "settings": [
      {
        "type": "checkbox",
        "id": "cookie_consent_enable",
        "label": "Enable",
        "default": true
      },
      {
        "type": "html",
        "id": "cookie_consent_message",
        "label": "Message",
        "default": "This website uses cookies to ensure you get the best experience on our website. <a href=\"\/policies\/privacy-policy\">Learn more<\/a>"
      },
      {
        "type": "text",
        "id": "cookie_consent_button",
        "label": "Button text",
        "default": "Got it!"
      },
      {
        "type": "color",
        "id": "cookie_consent_bg",
        "label": "Background color",
        "default": "rgba(0, 0, 0, 0.8)"
      },
      {
        "type": "color",
        "id": "cookie_consent_color",
        "label": "Text color",
        "default": "#ffffff"
      }
    ]
  },
  {
    "name": "Newsletter Popup",
    "settings": [
      {
        "type": "checkbox",
        "id": "newsletter_popup_enable",
        "label": "Enable",
        "default": true
      },
      {
        "type": "color",
        "id": "newsletter_popup_color_bg",
        "label": "Color bg",
        "default": "#ffffff"
      },
      {
        "type": "image_picker",
        "id": "newsletter_popup_image",
        "label": "Banner",
        "info": "Default size: 440x520 pixels"
      },
      {
        "type": "text",
        "id": "newsletter_popup_title",
        "label": "Title"
      },
      {
        "type": "color",
        "id": "newsletter_title_color",
        "label": "Color"
      },
      {
        "type": "html",
        "id": "newsletter_popup_html",
        "label": "Content"
      },
      {
        "type": "color",
        "id": "newsletter_html_color",
        "label": "Color"
      },
      {
        "type": "header",
        "content": "Newsletter Form"
      },
      {
        "type": "checkbox",
        "id": "newsletter_popup_form",
        "label": "Show newsletter form",
        "default": true
      },
      {
        "type": "checkbox",
        "id": "newsletter_popup_mailchimp",
        "label": "Use mailchimp",
        "default": true
      },
      {
        "type": "text",
        "id": "newsletter_popup_form_action",
        "label": "MailChimp form action URL",
        "info": "[Where do I find my MailChimp form action URL?](http:\/\/velatheme.com\/guide\/velatheme\/homepage.html#sectionFour)"
      }
    ]
  },
  {
    "name": "Pre-orders",
    "settings": [
      {
        "type": "checkbox",
        "id": "pre-order",
        "label": "Enable pre-orders"
      },
      {
        "type": "select",
        "id": "pre-order-style",
        "options": [
          {
            "value": "popup",
            "label": "Open contact form"
          },
          {
            "value": "nopopup",
            "label": "Add to cart"
          }
        ],
        "default": "popup",
        "label": "Open popup form contact"
      }
    ]
  },
  {
    "name": "Favicon",
    "settings": [
      {
        "type": "image_picker",
        "id": "favicon",
        "label": "Favicon image",
        "info": "Will be scaled down to 32 x 32px"
      }
    ]
  }
]
